title,category
HET 7 UUR-JOURNAAL,information
HET 1 UUR-JOURNAAL,information
NIEUWS 19U VTM,information
STADION,unknown
NIEUWS 13U VTM,unknown
IEDEREEN BEROEMD,knowledge
HET JOURNAAL LAAT,information
THUIS,fiction
FAMILIE,fiction
BLOKKEN,entertainment
VAN GILS & GASTEN,unknown
DE BUURTPOLITIE,unknown
KOMEN ETEN,lifestyle
DE AFSPRAAK,unknown
NEIGHBOURS,unknown
VB. WK. KWALIF,unknown
LITTLE BIG SHOTS MET NATHALIE MESKENS,unknown
JONAS & VAN GEEL,unknown
FC DE KAMPIOENEN,fiction
WEG ZIJN WIJ,unknown
"MASTERCHEF, THE PROFESSIONALS",unknown
VILLA POLITICA,unknown
SPORTWEEKEND,sport
THE SECRET LIFE OF THE ZOO,knowledge
DE KOTMADAM,unknown
ROYALTY,unknown
DAGELIJKSE KOST,lifestyle
KARAKTERS,unknown
NAVY NCIS,fiction
DE ZEVENDE DAG,unknown
"NCIS, NEW ORLEANS",fiction
DE RECHTBANK,knowledge
AXEL OPGELICHT,unknown
EEUWIGE ROEM,unknown
CORDON,unknown
TER ZAKE,unknown
HET GOEIE LEVEN,unknown
LOSLOPEND WILD & GEVOGELTE,entertainment
NIVEAU 4,unknown
ALLOO BIJ...,unknown
RADIO GAGA,knowledge
SOFIE IN DE KEUKEN VAN...,unknown
VOOR HETZELFDE GELD,unknown
HET GROOTSTE LICHT,unknown
"HELDEN VAN HIER, DOOR HET VUUR",unknown
NIEUWE BUREN,unknown
"ZO MAN, ZO VROUW",unknown
CASTLE,unknown
MIDSOMER MURDERS,fiction
POLDARK,unknown
WIELRENNEN. WK. QATAR,unknown
TRESPASS,unknown
BEHIND ENEMY LINES,unknown
COMEDY TOPPERS,unknown
LA TREVE,unknown
VRANCKX,unknown
DE VRIJE MARKT,unknown
SPORZA,sport
"BUURMAN, WAT DOET U NU?",knowledge
EXTRA TIME,unknown
DE SLIMSTE MENS TER WERELD,entertainment
PANO,information
VB. C1 UEFA SCHIFT,unknown
TELEFACTS,unknown
HALLO TELEVISIE!,unknown
CALLBOYS,unknown
ALLOO BIJ DE WEGPOLITIE,entertainment
DE RIDDER,fiction
SAFETY FIRST,unknown
VB. C3 UEFA SCHIFT,unknown
BELGIUM'S GOT TALENT,entertainment
THE ZOO,unknown
SPOED 24/7,knowledge
DE VETSTE VAKANTIE,unknown
'T IS GEBEURD,unknown
DE IDIOTEN,unknown
SHETLAND,unknown
STURM DER LIEBE,fiction
BORDER SECURITY (CAN),unknown
KALMTE KAN U REDDEN,entertainment
CATHERINE,unknown
WAT ALS?,unknown
BILLY CONNOLLY'S TRACKS ACROSS AMERICA,unknown
AMERIKA KIEST,unknown
DE ALLESWETER,unknown
HET LICHAAM VAN COPPENS,knowledge
HET EILAND,unknown
CHICAGO FIRE,fiction
VICTORIA,unknown
SUR LES ROUTES D'USHUAIA,unknown
VLAANDEREN VAKANTIELAND,unknown
ONS EERSTE HUIS,unknown
THE SHOW MUST GO ON,unknown
VERA,fiction
SILENT WITNESS,unknown
GEERT HOSTE MAAKT HET LAND BETER,unknown
RIJKER DAN JE DENKT?,lifestyle
LOSLOPEND WILD,entertainment
DE FISCUS,unknown
"HELDEN VAN HIER, IN DE LUCHT",unknown
NICHOLAS,unknown
LOTGENOTEN,unknown
THE BLACKLIST,unknown
MET MAN EN MACHT,unknown
BRITAIN'S BUSIEST AIRPORT HEATHROW,unknown
JOANNA LUMLEY'S JAPAN,unknown
ALS DE DIJKEN BREKEN,fiction
HET HUIS,knowledge
SPECIAL FORCES,unknown
DE KEUKEN VAN SOFIE,unknown
SPORTZOMER,unknown
PLANET EARTH II,unknown
HINTERLAND,unknown
VELDRIJDEN. SCHELDECROSS,unknown
ZIJN ER NOG KROKETTEN?,unknown
THIS WILD LIFE,unknown
EXTRA NIEUWS,unknown
FAROEK,unknown
M/V VAN HET JAAR,unknown
DEZE IS VOOR JOU,unknown
BORDER SECURITY (AUS),unknown
WAUTERS & VAN GEEL IN CONCERT,unknown
VELDRIJDEN. GP. SVEN NYS,unknown
COMEDY KINGS,unknown
THE MISSING,unknown
LIGT ER FLAN OP DE MONT BLANC?,unknown
DE RECHERCHE,unknown
WIJ WILLEN OOK WERKEN,unknown
DOWNTON ABBEY,unknown
BEAU SEJOUR,fiction
SYDNEY ZOO,unknown
VELDRIJDEN. BK. OOSTENDE,unknown
NIGHT OF THE PROMS,unknown
GROETEN UIT...,lifestyle
DE IDEALE WERELD,unknown
THE WORLD'S ODDEST ANIMAL COUPLES,unknown
GASTON EN LEO,unknown
MIDNIGHT SUN,unknown
ALLEMAAL CHRIS,unknown
KROONPRINSEN,unknown
PLANET'S GOT TALENT,unknown
DE VAL VAN HET REICH,unknown
"DYNAMO, MAGICIAN IMPOSSIBLE",unknown
DE KROONGETUIGEN,unknown
"MEDICI, MASTERS OF FLORENCE",unknown
GREAT CONTINENTAL RAILWAY JOURNEYS,unknown
VELDRIJDEN. HOOGERHEIDE,unknown
AMIGO'S,unknown
WONEN.TV,unknown
DWARS DOOR AMERIKA,unknown
YOUNG VETS,unknown
EXPEDITIE AARDE,unknown
GEORGE GENTLY,fiction
VB. BB. 1/2F,unknown
MIJN POP-UP RESTAURANT,unknown
DE TOPCOLLECTIE VAN,unknown
NATURAL BORN HUSTLERS,unknown
BLIND GETROUWD,entertainment
DE KLAS,unknown
OP STRAAT,unknown
TEMPTATION ISLAND,entertainment
MAG IK U KUSSEN?,unknown
ENNEMI PUBLIC,unknown
TENNIS. FED CUP BELGIE/ROEMENIE,unknown
HOTEL ROMANTIEK,entertainment
THE SKY IS THE LIMIT,unknown
STUKKEN VAN MENSEN,unknown
WISSEL VAN DE MACHT,unknown
VB. C1 UEFA 1/8F,unknown
GEUBELS EN DE BELGEN,unknown
ASTRID,unknown
ALLES VOOR DE KOERS,unknown
CHAUSSEE D'AMOUR,unknown
VB. C3 UEFA 1/16F,unknown
VELDRIJDEN. LEUVEN,unknown
THE BAND,unknown
UP IN THE AIR,unknown
TEGEN DE STERREN OP,entertainment
"BURGERS' ZOO, DRUKTE IN DE DIERENTUIN",unknown
AUWCH,unknown
ZIE MIJ GRAAG,fiction
CATH & GASTEN,unknown
GEZOND VERSTAND,unknown
OP ZOEK NAAR FRANKRIJK,unknown
DCI BANKS,unknown
"VIRGIN ATLANTIC, UP IN THE AIR",unknown
DE WEEK VAN BRUZZ,unknown
DE ZONEN VAN VAN AS,fiction
DE KLEEDKAMER,unknown
WIELRENNEN. PARIJS-NICE,unknown
VB. C3 UEFA 1/8F,unknown
VELDLOPEN. BK. WACHTEBEKE,unknown
DE NOODCENTRALE,knowledge
ALLOO IN DE BUITENLANDSE GEVANGENIS,unknown
VB. BB. FIN,unknown
HET JOURNAAL,unknown
TRAPPED,unknown
FLIKKEN MAASTRICHT,fiction
MOERKERKE EN DE VROUWEN,unknown
LA VIE EN ROSE,unknown
LE SANG DE LA VIGNE,unknown
THE GUARDIAN,unknown
ITALY'S INVISIBLE CITIES,unknown
DE MOL,entertainment
WIELRENNEN. 3-DAAGSE DE PANNE - KOKSIJDE,unknown
REIZEN WAES,lifestyle
"TOM BOONEN, MY RIDE, MY FIGHT, MY LIFE",unknown
TOPSERVICE,unknown
GOED VOLK,unknown
BART&GASTEN,unknown
IS IN HET VIZIER,unknown
VERMIST,unknown
EXTRA TIME KOERS,unknown
BARTEL IN HET WILD,unknown
COPY BEEST,unknown
LETHAL WEAPON,unknown
OVER ETEN,lifestyle
VB. C1 UEFA 1/4F,unknown
VB. C3 UEFA 1/4F,unknown
EUROPA LEAGUE MAGAZINE,unknown
ENDEAVOUR,unknown
THE VOICE KIDS,entertainment
WIELRENNEN. BAAN WK. HONG-KONG,unknown
DE 3 WIJZEN,entertainment
PEKING EXPRESS,unknown
LIEFDE VOOR MUZIEK,entertainment
JANI GAAT...,unknown
THE LEVEL,unknown
"ECHTE MENSEN, NIEUW LEVEN",unknown
TOPDOKTERS,knowledge
DE SOLLICITATIE,unknown
GERT LATE NIGHT,unknown
PERFECT?,unknown
JOANNA LUMLEY'S TRANS-SIBERIAN ADVENTURE,unknown
EXPEDITIE PAIRI DAIZA,unknown
DE LEUGENDETECTOR,unknown
VB. C1 UEFA 1/2F,unknown
OP WEG MET JAN,unknown
DE UITVERKORENEN,unknown
VAN GILS & HET SONGFESTIVAL,unknown
EUROVISIE SONGFESTIVAL,entertainment
CONTROL PEDRO,unknown
VB. C3 UEFA 1/2F,unknown
DE 25,knowledge
WALLANDER,unknown
21 JUMP STREET,unknown
THE SILK ROAD,unknown
THE BEST OF HOLLAND'S GOT TALENT,unknown
PRO DEO,unknown
KAN U DE VRAAG NOG EENS HERHALEN?,unknown
SHOPPING QUEENS,unknown
KEVIN MCCLOUD'S ESCAPE TO THE WILD,unknown
RED 2,unknown
TYPISCH MENSEN,unknown
RED FLAMES,unknown
OUTLANDER,unknown
THE DARK KNIGHT RISES,unknown
ANIMAL AIRPORT,unknown
WIELRENNEN. RONDE VAN BELGIE,unknown
THE DA VINCI CODE,unknown
TURKEY WITH SIMON REEVE,unknown
DE CLUB,unknown
"BOMBING WAR, FROM GUERNICA TO HIROSHIMA",unknown
VB. C1 UEFA FIN,unknown
TENNIS. ROLAND GARROS D.,unknown
TENNIS. ROLAND GARROS H.,unknown
VB. VRIEND,unknown
WIELRENNEN. DAUPHINE LIBERE,unknown
BESTE VRIENDEN,unknown
MET VIER IN BED,unknown
INGLOURIOUS BASTERDS,unknown
BEVERGEM,unknown
TELEFACTS ZOMER,unknown
NANNY MCPHEE & THE BIG BANG,unknown
THE BOURNE ULTIMATUM,unknown
MISSION IMPOSSIBLE III,unknown
ASPE,fiction
GREAT AMERICAN RAILROAD JOURNEYS,unknown
VALKYRIE,unknown
"6 JUIN 44, LA LUMIERE DE L'AUBE",unknown
THIS IS 40,unknown
SHERLOCK,unknown
PLANEET KUIFJE,unknown
THE LAST KINGDOM,unknown
CHICAGO P.D.,unknown
MADAM SECRETARY,unknown
TOMTESTEROM,knowledge
"PETS, WILD AT HEART",unknown
BASKET. EK.,unknown
BRAVEHEART,unknown
SECTION DE RECHERCHES,unknown
VERSLAAFD!,unknown
LONDEN ZOO,unknown
SWITCH,entertainment
FROZEN,unknown
WIELRENNEN. RONDE VAN FRANKRIJK,unknown
LE JARDIN EXTRAORDINAIRE,knowledge
THE EXPENDABLES,unknown
VIVE LE VELO,sport
VLAAMSE STREKEN,unknown
DAGELIJKSE ZOMERKOST,unknown
DE KLINIEK,unknown
DE NEVEN VAN OZCAN AKYOL,unknown
CHEF IN JE OOR,unknown
...VOOR DUMMIES,unknown
WANTED IN PARADISE,unknown
HEAT,unknown
SPY IN THE WILD,unknown
PITCH PERFECT,unknown
FOLLOW THE MONEY,unknown
"CRIMINAL MINDS, BEYOND BORDERS",unknown
URBANUS ZELF!,unknown
GREAT AMERICAN THAW,unknown
HITCH,unknown
SAVING PRIVATE RYAN,unknown
VB. EK. D. SCHIFT,unknown
RICK STEIN'S LONG WEEKENDS,unknown
TUT,unknown
PRETTY WOMAN,fiction
AFTER EARTH,unknown
FAST FIVE,unknown
THE PACIFIER,unknown
PROFILAGE,unknown
CRIMINAL MINDS,unknown
DE LEUKSTE BESTE VRIENDEN,unknown
RIVIERA,unknown
RED,fiction
DANNY IN ARABISTAN,unknown
MEN IN BLACK III,unknown
SPORTS LATE NIGHT,unknown
WILD THAILAND,unknown
PARADE'S END,unknown
"AMAZING HOTELS, LIFE BEYOND THE LOBBY",unknown
WORLD WAR Z,unknown
HET ZIJN NET MENSEN,unknown
ATLETIEK. WK. LONDEN,unknown
WIELRENNEN. EK. HERNING,unknown
"MARTIN CLUNES, ISLANDS OF AUSTRALIA",unknown
MILJONAIR,unknown
VB. SUPER EB,unknown
ATLETIEK. WK. LONDEN (S.),unknown
TAKEN 2,unknown
WIELRENNEN. RONDE VAN DE BENELUX,unknown
CROSSING LINES,fiction
"TWILIGHT V, BREAKING DAWN",unknown
THE WORLD'S MOST EXTRAORDINARY HOMES,unknown
KANGAROO DUNDEE AND OTHER ANIMALS,unknown
POIROT,unknown
FOREVER,unknown
IS ER WIFI IN TAHITI?,unknown
JAMIE'S SUPER FOOD,unknown
TEGEN DE STERREN OP LIVE,unknown
WIELRENNEN. VUELTA,unknown
THE PERFECTIONISTS,unknown
WILD MEXICO,unknown
JOHNNY ENGLISH,unknown
2 MEISJES OP HET STRAND,unknown
WHITE HOUSE DOWN,unknown
NATURAL WORLD,unknown
FIVE DAYS,unknown
IN ITALIE,unknown
"DIANA, 7 DAGEN",unknown
THE WEEK DIANA DIED,unknown
HUIZENJAGERS,unknown
THE MASK OF ZORRO,unknown
"THE HOBBIT, AN UNEXPECTED JOURNEY",unknown
"MURDER, SHE WROTE",unknown
THE WORLD IS NOT ENOUGH,unknown
DE HELDEN VAN ARNOUT,unknown
CAMPING KAREN & JAMES,unknown
DE KUST IS VEILIG,unknown
BARGOENS,unknown
"HITLER AND CHURCHILL, THE EAGLE AND THE LION",unknown
BAKE OFF VLAANDEREN,unknown
MAIGRET,unknown
VERSAILLES,unknown
#HETISINGEWIKKELD,unknown
BARCELONA VANUIT DE HEMEL,unknown
BELOW THE SURFACE,unknown
KAFKA,unknown
DIE ANOTHER DAY,unknown
OVER WINNAARS,unknown
SPITSBROERS,unknown
THE WALL,unknown
VERMASSEN,unknown
VB. C1 UEFA SCHIFT. (S.),unknown
ALLOO IN DE NACHT,unknown
VOOR DE LEEUWEN,unknown
THE VOICE VAN VLAANDEREN,entertainment
OPEN KEUKEN MET SANDRA BEKKARI,unknown
"THE HUNGER GAMES, MOCKINGJAY, PART 1",unknown
THE WONDER OF ANIMALS,unknown
"THE HOBBIT, THE BATTLE OF THE FIVE ARMIES",unknown
DANTE'S PEAK,unknown
TWEE TOT DE ZESDE MACHT,entertainment
TYTGAT CHOCOLAT,unknown
CASINO ROYALE,unknown
ALLAH IN EUROPA,unknown
THE BOURNE LEGACY,unknown
WIELRENNEN. WK. BERGEN,unknown
HERCULES,unknown
TAKEN 3,unknown
"PIRATES OF THE CARIBBEAN, DEAD MAN'S CHEST",unknown
JIMMY DOHERTY'S ESCAPE TO THE WILD,unknown
PRISON BREAK,unknown
"HELP, MIJN MAN IS EEN KLUSSER",unknown
SKYFALL,unknown
DIE HUIS,unknown
SUPERHOSPITAL,unknown
APPEL D'URGENCE,knowledge
UNFORGOTTEN,unknown
THE BIG BANG THEORY,unknown
VELDRIJDEN. MEULEBEKE,unknown
LOCH NESS,unknown
WIELRENNEN. PARIJS-TOURS,unknown
F1. WK. GP. JAPAN,unknown
A GOOD DAY TO DIE HARD,unknown
HALF UUR NATUUR,unknown
DE BENDE HAEMERS,unknown
SALAMANDER,fiction
2 GUNS,fiction
HET RIVIERDAL VAN DE ETEL VANUIT DE HEMEL,unknown
HOE ZAL IK HET ZEGGEN?,entertainment
VELDRIJDEN. BOOM (S.),unknown
BLITZ,unknown
"MOUNTAINS, LIFE ABOVE THE CLOUDS",unknown
LA FORET,unknown
THE MONUMENTS MEN,unknown
VB. C1 UEFA,unknown
PROJECT AXEL,unknown
TABULA RASA,unknown
GE HADT ERBIJ MOETEN ZIJN,unknown
3 DAYS TO KILL,unknown
ANIMAL HOMES,unknown
VAN VLEES EN BLOED,fiction
FLIKKEN ROTTERDAM,unknown
HET GEZIN,unknown
STERACTEUR STERARTIEST,unknown
DAWN OF THE PLANET OF THE APES,unknown
UNSTOPPABLE,unknown
VELDRIJDEN. GAVERE,unknown
STRAFPLEITERS,unknown
KINDEREN VAN DE COLLABORATIE,unknown
GEUBELS EN DE IDIOTEN,unknown
DE LAATSTE 24 UUR,unknown
MONA LISA SMILE,unknown
"HIJ KOMT, HIJ KOMT!",unknown
RELLIK,unknown
WIELRENNEN. 6-DAAGSE VAN GENT,unknown
TENNIS. DAVIS CUP,unknown
VELDRIJDEN. ZEVEN (S.),unknown
DRUKTE IN DE DIERENTUIN,knowledge
VELDRIJDEN. FLANDRIENCROSS,unknown
JOHNNY ENGLISH REBORN,unknown
VB. BB. 1/8F (S.),unknown
COPPERS,unknown
PADDINGTON,unknown
THE LONE RANGER,unknown
ELYSIUM,unknown
NON-STOP,unknown
HET HARDE LEVEN VAN EEN PINGUIN,unknown
READY FOR TAKEOFF,unknown
"JACK RYAN, SHADOW RECRUIT",unknown
SAFE HOUSE,unknown
VELDRIJDEN. OVERIJSE,unknown
WIELERJAAROVERZICHT,sport
THE DAY AFTER TOMORROW,unknown
THE NIGHT MANAGER,unknown
THOMAS SPEELT HET HARD,unknown
CHAPEAU! 30 JAAR CLOUSEAU,unknown
"DEATH RACE 3, INFERNO",unknown
OLYMPUS HAS FALLEN,unknown
"XXX, STATE OF THE UNION",unknown
CHEZ ANNEMIE,unknown
GERT LAST YEAR,unknown
HOME ALONE,unknown
MUSIC FOR LIFE,unknown
MARINA,fiction
BEAN,unknown
MIRACLE ON 34TH STREET,unknown
LA MAMMA,unknown
VREDE OP AARDE,entertainment
OVERAL K3,unknown
ANGELS & DEMONS,unknown
HUGO,unknown
CHRISTMAS WITH HOLLY,unknown
47 RONIN,unknown
CARDINAL,unknown
TRUE LIES,unknown
PAARDENSPORT. JUMPING MECHELEN,unknown
LIVE VUURWERK,entertainment
DAGELIJKSE WINTERKOST,unknown
CLOUSEAU DANST,unknown
JAAROVERZICHT,information
MALEFICENT,unknown
AMERICA'S FUNNIEST HOME VIDEOS,unknown
NIEUWJAARSCONCERT,unknown
DNA NYS,knowledge
THE SOUND OF MUSIC,unknown
LEGALLY BLONDE,unknown
EXODUS,unknown
MONK,unknown
"ICE AGE 3, DAWN OF THE DINOSAURS",unknown
BESTE KIJKERS,unknown
TELEFACTS WINTER,unknown
BLUE PLANET,unknown
OP DE MAN AF,knowledge
INDIANA JONES AND THE RAIDERS OF LOST ARK,unknown
VAN ALGEMEEN NUT,entertainment
DE WENSBOOM,unknown
AND THEN THERE WERE NONE,unknown
THE WOLF OF WALL STREET,unknown
SUPERMAN RETURNS,unknown
BEFORE WE DIE,unknown
NOAH,unknown
VELDRIJDEN. KOKSIJDE H.,sport
VELDRIJDEN. KOKSIJDE D.,unknown
MIJ OVERKOMT HET NIET,knowledge
WERELDRECORD,unknown
LOUIS THEROUX,unknown
FURIOUS 6,unknown
BLACK,unknown
MISSION IMPOSSIBLE ROGUE NATION,unknown
DAVID ATTENBOROUGH'S NATURAL CURIOSITIES,unknown
INDIANA JONES AND THE LAST CRUSADE,unknown
OBLIVION,unknown
ANNIE,unknown
SHREK FOREVER AFTER,unknown
"PIRATES OF THE CARIBBEAN, AT WORLD'S END",unknown
MUSIC INDUSTRY AWARDS,entertainment
M/V/X,unknown
VB. BB. 1/2F (S.),unknown
INDIANA JONES AND THE KINGDOM OF THE CRYSTAL SKULL,unknown
EIGEN KWEEK,fiction
EXTRA TIME CROSS,unknown
LARRY CROWNE,unknown
HET COLLECTIEF GEHEUGEN,unknown
WITSE,fiction
VELDRIJDEN. VALKENBURG,unknown
FRITS & FRANKY,unknown
DE GOUDEN SCHOEN,unknown
DOOR HET HART VAN CHINA,unknown
"KINGSMAN, THE SECRET SERVICE",unknown
KNIGHT AND DAY,unknown
SALT,unknown
POLITIE 24/7,knowledge
DE INFILTRANT,fiction
LEEUWENKUIL,unknown
GENT WEST,unknown
SPY,unknown
INTO THE STORM,unknown
INSURGENT,unknown
HARD SUN,unknown
VELDRIJDEN. HULST,unknown
KLEM,unknown
EX-GANGSTER,unknown
BEVERLY HILLS COP II,unknown
UNKNOWN,unknown
THE GREEN MILE,unknown
WIELRENNEN. KUURNE-BRUSSEL-KUURNE,sport
CAFE DERBY,unknown
KINDERKOPKES,unknown
WHERE THE WILD MEN ARE,unknown
LEVE DE ZOO!,knowledge
AMAZONES,unknown
LAW ABIDING CITIZEN,unknown
SPECTRE,unknown
DOWN THE ROAD,knowledge
KAREN MAAKT EEN PLAAT,unknown
THE GOOD DOCTOR,unknown
STELLA BLOMKVIST,unknown
THE EQUALIZER,fiction
BASKET. BB. FIN,unknown
DE RONDE,fiction
WIELRENNEN. NOKERE KOERSE,unknown
WIELRENNEN. HANDZAME CLASSIC,unknown
THE INTERNATIONAL,unknown
PEARL HARBOR,unknown
STEP UP ALL IN,unknown
GONE GIRL,unknown
VANDAAG OVER EEN JAAR,knowledge
WIELRENNEN. E-3 PRIJS HARELBEKE,unknown
GEVOEL VOOR TUMOR,fiction
WIELRENNEN. GENT-WEVELGEM,unknown
CAFE DE MOL,entertainment
IN ROME,unknown
KAN IEDEREEN NOG VOLGEN?,unknown
F-16,unknown
WIELRENNEN. DWARS DOOR VLAANDEREN,unknown
HELDEN VAN DE KINDERKLINIEK,unknown
"BOER ZKT VROUW, DE WERELD ROND",entertainment
"HELDEN VAN HIER, BRANDWEER ANTWERPEN",unknown
ROAD HOUSE,unknown
THE ROCK,fiction
"EXODUS, GODS AND KINGS",fiction
"AMUR, ASIA'S AMAZON",unknown
DE MARKT,unknown
"PIRATES OF THE CARIBBEAN, ON STRANGER TIDES",unknown
WIELRENNEN. RONDE VAN VLAANDEREN,sport
BOXING STARS,unknown
MR. BEAN'S HOLIDAY,unknown
WIELRENNEN. SCHELDEPRIJS,unknown
STAR TREK,unknown
WIELRENNEN. PARIJS-ROUBAIX,sport
MONTY DON'S PARADISE GARDENS,unknown
DANCE AROUND THE WORLD,unknown
DOSSIER X,unknown
TOM & HARRY,unknown
WIELRENNEN. BRABANTSE PIJL,unknown
GRILLMASTERS,unknown
RUNNER RUNNER,unknown
CHEF,unknown
DESPICABLE ME 2,unknown
"LIVE PD, POLICE PATROL",unknown
BEVERLY HILLS COP III,unknown
DE COLUMBUS,knowledge
WIELRENNEN. WAALSE PIJL,unknown
W.,unknown
CHECK-POINT,unknown
BIG CATS,unknown
WIELRENNEN. LUIK-BASTENAKEN-LUIK,unknown
MATCHMAKERS,unknown
ALLOO EN DE LIEFDE,unknown
TERMINATOR GENISYS,unknown
THE LAST CASTLE,unknown
NIEUWSJAGERS,unknown
SPOED,unknown
OP EEN,unknown
AFSCHEID,unknown
ADRIAAN VAN DEN HOOF,unknown
THE EXPENDABLES 3,unknown
CRIMI CLOWNS,unknown
THE EAGLE,unknown
ANIMALS WITH CAMERAS,knowledge
BANCROFT,unknown
THE TUXEDO,unknown
A MILLION WAYS TO DIE IN THE WEST,unknown
DIE HARD 4.0,fiction
BELPOP,unknown
AVATAR,unknown
"BRITAIN'S BIGGEST SUPERYACHTS, CHASING PERFECTION",unknown
HOMEFRONT,unknown
VB. C3 UEFA FIN,unknown
2 STERREN RESTAURANT,unknown
"G.I. JOE, RETALIATION",unknown
THE FUGITIVE,unknown
VRT NIEUWS LIVE,unknown
HUWELIJK PRINS HARRY EN MEGHAN,unknown
THE MARTIAN,unknown
JOHN WICK,unknown
ROBIN HOOD,unknown
ANIMALITIS,unknown
VB. WK. LOTING,unknown
WERELDKAMPIOENEN,unknown
WILD CARD,unknown
TITANIC,fiction
NATURAL BORN REBELS,unknown
THE LAWYER,unknown
IEDEREEN TEGEN KANKER,unknown
SHOOTER,unknown
TENNIS. ROLAND GARROS,unknown
THE OTHER WOMAN,unknown
TUTANKHAMUN,unknown
THE LORD OF THE RINGS II,unknown
ZOO AUSTRALIE,unknown
HOTELGEHEIMEN,unknown
ROBIN HOOD - PRINCE OF THIEVES,unknown
THE HEAT,unknown
THE LORD OF THE RINGS III,unknown
TENNIS. ROLAND GARROS FIN. D,unknown
HARRY POTTER AND THE DEATHLY HALLOWS,unknown
"PERCY JACKSON, SEA OF MONSTERS",unknown
THE A-TEAM,unknown
TENNIS. ROLAND GARROS FIN. H,unknown
THE SAVAGE PEACE,unknown
FURY,unknown
VILLA SPORZA,sport
VB. WK. SCHIFT. - STUDIO,unknown
THE BOUNTY HUNTER,unknown
WIELRENNEN. DWARS DOOR HAGELAND,unknown
VB. WK. SCHIFT.,unknown
BRITAIN'S GOT TALENT,unknown
WIELRENNEN. ELFSTEDENRONDE,unknown
CHARLES LINDBERGH IN COLOR,unknown
ONZE MAN IN TEHERAN,unknown
"NIGHT AT THE MUSEUM, SECRET OF THE TOMB",unknown
ALTIJD PRIJS,unknown
CAST AWAY,unknown
PERCEPTION,unknown
SOFIE IN DE KEUKEN VAN... - PASCAL BRAECKMAN,unknown
TROY,unknown
THE SMURFS 2,unknown
SCOTT & BAILEY,unknown
DEATH IN PARADISE,fiction
HIGHLANDER,unknown
CATCH ME IF YOU CAN,unknown
2012,unknown
F1. WK. GP. OOSTENRIJK (S.),unknown
JAMES MARTIN'S FRENCH ADVENTURE,unknown
DIEREN IN NESTEN,unknown
WIELRENNEN. RONDE VAN FRANKRIJK - RIT 1 NOIRMOUTIER-EN-L'ILE>FONTENAY-LE-C,unknown
"ALEXANDER AND THE TERRIBLE, HORRIBLE, NO GOOD, VERY BAD DAY",unknown
PAPILLON,unknown
F1. WK. GP. GROOT-BRITTANNIE (S.),unknown
VB. WK. 1/2F,unknown
VLAANDEREN FEEST,entertainment
ERSIN IN WONDERLAND,unknown
WIELRENNEN. RONDE VAN FRANKRIJK - RIT 7 FOUGERES>CHARTRES,unknown
THE AMAZING SPIDER-MAN 2,unknown
LANG LEVE,unknown
WIELRENNEN. RONDE VAN FRANKRIJK - RIT 8 DREUX>AMIENS,sport
HELDEN VAN DE WILDERNIS,unknown
PROFESSOR T.,fiction
LILI EN MARLEEN,fiction
WIELRENNEN. RONDE VAN FRANKRIJK - RIT 10 ANNECY>LE GRAND-BORNAND,unknown
"EEUWIGE VIJANDEN, IRAN VS. SAUDI-ARABIE",unknown
RISE OF THE PLANET OF THE APES,unknown
NATIONAAL DEFILE,unknown
JAMIE'S QUICK AND EASY FOOD,unknown
DADDY'S HOME,unknown
DARK HEART,unknown
ATLETIEK. NACHT HEUSDEN-ZOLDER (S.),unknown
"SECOND CHANCE SUMMER, TUSCANY",unknown
DE BEHANDELING,unknown
ESCAPE TO THE CHATEAU,unknown
THE CRUISE,unknown
WE BOUGHT A ZOO,unknown
"ICE AGE 4, CONTINENTAL DRIFT",unknown
WIELRENNEN. RONDE VAN FRANKRIJK - RIT 21 HOUILLES>PARIS CHAMPS-ELYSEES,unknown
VOETBALMAFFIA,unknown
"BOUDEWIJN, NAAR HET HART VAN DE KONING",unknown
OVER DE RUG VAN DE ANDES,unknown
FORCES OF NATURE,unknown
WIELRENNEN. CLASSICA SAN SEBASTIAN,unknown
R.I.P.D.,unknown
CLIP(S),entertainment
THE BROKENWOOD MYSTERIES,unknown
BROER,unknown
RICK STEIN'S ROAD TO MEXICO,unknown
THE BRIDGE,unknown
DE EUROPESE KAMPIOENSCHAPPEN - ATLETIEK.,unknown
NOW YOU SEE ME,unknown
DE AARDE VANUIT DE HEMEL - DE MIDDELLANDSE ZEE,unknown
WILD SARDINIA,unknown
DE EUROPESE KAMPIOENSCHAPPEN - TRIATHLON.,unknown
RADIO 2 ZOMERHIT,entertainment
SHANGHAI KNIGHTS,unknown
HET ZOMERT MET...,unknown
THE KARATE KID,unknown
TERUG NAAR MORGEN,unknown
UNITED SHADES OF AMERICA,unknown
NOVEMBER MAN,fiction
INNOCENT,unknown
DISNEY PROJECT T,unknown
MACHETE KILLS,unknown
F1. WK. GP. BELGIE,unknown
APOCALYPSE STALIN,unknown
BIG HERO 6,unknown
TOP GUN,unknown
DE AARDE VANUIT DE HEMEL - MAROKKO,unknown
WIELRENNEN. BRUSSELS CYCLING CLASSIC,unknown
WANTED,unknown
"FC DE KAMPIOENEN 2, JUBILEE GENERAL!",fiction
KINDERZIEKENHUIS,unknown
BOWLING BALLS,unknown
CRAITH,unknown
LAST DAYS,unknown
VOOR DE MANNEN,unknown
"HELDEN VAN HIER, OP INTERVENTIE",unknown
"ZELFDE DEUR, 20 JAAR LATER",knowledge
EXPEDITIE ROBINSON,unknown
KOPPELS,unknown
WALK THE LINE,unknown
GUARDIANS OF THE GALAXY,unknown
WAT EEN JAAR,unknown
WIELRENNEN. PRIMUS CLASSIC,unknown
"CAPTAIN AMERICA, THE WINTER SOLDIER",unknown
QUANTUM OF SOLACE,unknown
AMERICA'S GOT TALENT,unknown
KINDERZIEKENHUIS 24/7,knowledge
13 GEBODEN,unknown
DANK DAT U BIJ ONS WAS,unknown
"DE VAL, 10 JAAR NA DE CRISIS",unknown
"PIRATES OF THE CARIBBEAN, THE CURSE OF THE BLACK PEARL",unknown
DUBLIN ZOO,unknown
MAKE BELGIUM GREAT AGAIN,unknown
JONG GEWELD,unknown
WIELRENNEN. WK. INNSBRUCK. H.,unknown
VB. BB. 1/16F,unknown
DIRTY DANCING,unknown
IEDEREEN KIEST,unknown
"NATIONAL TREASURE II, BOOK OF SECRETS",unknown
LONE SURVIVOR,unknown
RIG 45,unknown
VELDRIJDEN. RONSE H.,unknown
BEESTIG,unknown
VELDRIJDEN. RONSE D.,unknown
JAMBERS IN DE POLITIEK,unknown
LIFE AT THE LIMITS,unknown
LOS FLAMENCOS,unknown
SEVEN YEARS IN TIBET,unknown
ALLEEN ELVIS BLIJFT BESTAAN,unknown
LONDON HAS FALLEN,unknown
DANCING WITH THE STARS,entertainment
LIAR,unknown
MR. POPPER'S PENGUINS,unknown
FLIKKEN,fiction
IN VLAAMSE VELDEN,sport
SUCCESRIJK! TOPONDERNEMERS IN VLAANDEREN,unknown
DANNY IN DE BUITENWIJKEN,unknown
TIPSY,unknown
GYM. WK. DOHA,unknown
TEAM SCHEIRE,unknown
UEFA CHAMPIONS LEAGUE,unknown
VB. C1 UEFA SCHIFT - STUDIO,unknown
THE VOICE KIDS - THE BATTLE,unknown
VELDRIJDEN. NIEL H.,sport
VELDRIJDEN. NIEL D.,unknown
THE PELICAN BRIEF,unknown
BATTLESHIP,unknown
"THE HOBBIT, THE DESOLATION OF SMAUG",unknown
DANCE AS ONE,unknown
VB. NATIONS LEAGUE UEFA,unknown
"HACHIKO, A DOG'S STORY",unknown
VB. NATIONS LEAGUE UEFA - STUDIO,unknown
"THE HUNGER GAMES, MOCKINGJAY, PART 2",unknown
LITTLE BUDDHA,unknown
F1. WK. GP. ABU DHABI (S.),unknown
KINDEREN VAN DE KOLONIE,unknown
VANITY FAIR,unknown
THE MAZE RUNNER,unknown
27 DRESSES,unknown
VELDRIJDEN. MOL,unknown
VELDRIJDEN. ESSEN H.,unknown
MY FAMILY AND THE GALAPAGOS,unknown
VELDRIJDEN. ESSEN D.,unknown
THE VOICE SENIOR - THE BLIND AUDITIONS,entertainment
VELDRIJDEN. OVERIJSE H.,sport
"BLOED, ZWEET & LUXEPROBLEMEN",knowledge
VAN ROSSEM,unknown
PAULINE & PAULETTE,unknown
DE WEEKENDEN,unknown
VELDRIJDEN. ZONHOVEN,unknown
WILD HOGS,unknown
"WITHOUT LIMITS, VIETNAM",unknown
VB. BB. 1/4F,unknown
LUCIFER,unknown
THE WITNESS FOR THE PROSECUTION,unknown
DE FEESTKEUKEN VAN SOFIE,unknown
GREYZONE,unknown
LUCY,fiction
THE VOICE SENIOR - THE KNOCKOUTS,unknown
CHRISTMAS WITH THE KRANKS,unknown
OVER WATER,fiction
VELDRIJDEN. NAMEN (S.),unknown
LOVE ACTUALLY,unknown
OESJE!,unknown
VELDRIJDEN. LOENHOUT,unknown
THE VOICE SENIOR - THE FINAL,entertainment
HOME ALONE II,unknown
RODE NEUZEN DAG XL,unknown
"SAFETY FIRST, THE MOVIE",unknown
HOLLAND-BELGIE,entertainment
SOFIE IN DE KEUKEN VAN... - EVI HANSSEN,unknown
KOKO FLANEL,unknown
DE KUNSTDETECTIVE,unknown
LAST HOLIDAY,unknown
REIZEN WAES EUROPA,lifestyle
EVEREST,unknown
DERTIGERS,fiction
SOFIE IN DE KEUKEN VAN... - MANOE FRATEUR,unknown
"MEDICI, THE MAGNIFICIENT",unknown
THE GIRL WITH THE DRAGON TATOO,unknown
DOUBLE JEOPARDY,unknown
VELDRIJDEN. KRUIBEKE D.,unknown
VELDRIJDEN. KRUIBEKE H.,sport
VELDRIJDEN. KRUIBEKE,sport
BAND OF BEARS,unknown
"SPORTJAAR 2018, BRONZEN BELGEN",unknown
THE GUNMAN,unknown
VOOR IK HET VERGEET,knowledge
VELDRIJDEN. OTEGEM (S.),unknown
URBANUS 70,entertainment
EVIVA ESPANA,knowledge
DE LUIZENMOEDER,fiction
DE DAG,fiction
POMPEII,unknown
BRIDGET JONES'S DIARY,unknown
LUTHER,unknown
"AVENGERS, AGE OF ULTRON",unknown
BAD BOYS II,unknown
EEN FRISSE START MET VTWONEN,unknown
"AMERICA'S GOT TALENT, THE CHAMPIONS",unknown
HANNE DANST,unknown
ALLEGIANT,unknown
"ALASKA, A YEAR IN THE WILD",unknown
NO ESCAPE,unknown
30 JAAR VTM NIEUWS,unknown
SOS 112,unknown
EDDIE THE EAGLE,fiction
FORREST GUMP,unknown
VELDRIJDEN. BOGENSE H. - BELOFTEN,unknown
"DREAM BIG, DE WEEK VAN DE DAVISCUPPLOEG",unknown
DE VEILIGHEID VAN HET LAND,unknown
VELDRIJDEN. MALDEGEM H.,unknown
DE WERELD ROND MET 80-JARIGEN,knowledge
VELDRIJDEN. LILLE H.,sport
VELDRIJDEN. LILLE D.,unknown
THE TRUTH WILL OUT,unknown
SPEED II - CRUISE CONTROL,unknown
JACK REACHER,fiction
BLIND DATE,entertainment
COLD CASE - WIE HEEFT SALLY VERMOORD?,unknown
9-1-1,fiction
FIFTY SHADES OF GREY,unknown
SAN ANDREAS,unknown
ROND DE NOORDZEE,lifestyle
STUDIO TARARA,unknown
THE VOICE VAN VLAANDEREN - THE BLIND AUDITIONS,entertainment
ANIMAL BABIES,unknown
VELDRIJDEN. LEUVEN H.,sport
VELDRIJDEN. LEUVEN D.,unknown
DATE NIGHT,unknown
INTOUCHABLES,fiction
UNDERCOVER,fiction
ATLETIEK. EK. GLASGOW,unknown
"MARTIN CLUNES, ISLANDS OF AMERICA",unknown
FIRST DATES,unknown
WEG MET ONS MA,unknown
TRAFIEK AXEL,unknown
THE MINIATURIST,unknown
JURASSIC WORLD,unknown
NAKED ATTRACTION,unknown
WIELRENNEN. MILAAN-SAN REMO,unknown
THE HUNDRED-FOOT JOURNEY,unknown
KOMEN TE GAAN,knowledge
"STUDIO TARARA, DE SKETCH SHOW",unknown
WIELRENNEN. 3-DAAGSE BRUGGE-DE PANNE,unknown
DAT BELOOFT VOOR LATER,knowledge
STHLM REQUIEM,unknown
THE MAN FROM U.N.C.L.E.,unknown
NACHTWACHT,unknown
WIELRENNEN. GENT-WEVELGEM H.,sport
WIELRENNEN. GENT-WEVELGEM D.,unknown
SCHATTEN VAN MENSEN,unknown
BLIND GEKOCHT,lifestyle
BIG CATS ABOUT THE HOUSE,unknown
JOANNA LUMLEY'S INDIA,unknown
WIELRENNEN. RONDE VAN VLAANDEREN H.,sport
TERUG NAAR RWANDA,unknown
FACTCHECKERS,knowledge
20 KIDS AND COUNTING,unknown
WETSDOKTERS,unknown
POP-UP RECHTBANK,unknown
"BELGA SPORT - TOM BOONEN, DE WONDERJAREN",unknown
"DON'T WORRY, BE HAPPY",knowledge
THE AVENGERS,unknown
THE CHRONICLES OF NARNIA - PRINCE CASPIAN,unknown
DE HELAASHEID DER DINGEN,unknown
THE VOICE VAN VLAANDEREN - THE BATTLE,unknown
WIELRENNEN. AMSTEL GOLD RACE H.,sport
WIELRENNEN. AMSTEL GOLD RACE D.,unknown
DE AMBASSADE,unknown
"MENSEN VERZETTEN BERGEN, A DAY TO REMEMBER",unknown
EARTH FROM SPACE,unknown
MONTY DON'S JAPANESE GARDENS,unknown
"VDB, IK BEN GOD NIET",unknown
SUCCESRIJK! VLAAMSE ONDERNEMERS IN HET BUITENLAND,unknown
DIERENDOKTERS 24/7,knowledge
INFORMER,unknown
BAPTISTE,fiction
VB. C1 UEFA 1/2F - STUDIO,unknown
IS ER EEN DOKTER IN DE ZAAL?,entertainment
VB. C3 UEFA 1/2F - STUDIO,unknown
THE VOICE VAN VLAANDEREN - LIVE,unknown
"MISSION IMPOSSIBLE, GHOST PROTOCOL",unknown
A TOUCH OF FROST,unknown
A HOTEL FOR THE SUPER RICH AND FAMOUS,unknown
THE AMAZING SPIDER-MAN,unknown
DJANGO UNCHAINED,unknown
JAMES MARTIN'S AMERICAN ADVENTURE,unknown
OP NAAR DE 100!,unknown
A MILLION LITTLE THINGS,unknown
HET GROTE DEBAT,unknown
THE MAGNIFICENT SEVEN,fiction
SEX TAPE,unknown
AMBULANCE,unknown
SAHARA,unknown
ONTVOERD,unknown
TERUG NAAR SIBERIE,unknown
"WITHOUT LIMITS, AUSTRALIA",unknown
LOVE ISLAND,unknown
PITCH PERFECT 2,unknown
CAMPUS CUP,unknown
YOU ONLY LIVE TWICE,unknown
"DE BUURTPOLITIE, DE GROTE GELDROOF",unknown
THE FLATEY ENIGMA,unknown
"D-DAY, OPERATION OVERLORD",unknown
WIELRENNEN. HAMMER SERIES,unknown
VB. EK. KWALIF,unknown
"HOMMES, ANIMAUX, NATURE",unknown
SERENGETI,unknown
SPANGLISH,unknown
HERBIE FULLY LOADED,unknown
COMING TO AMERICA,unknown
AFRICA,unknown
AUGUST RUSH,unknown
BATMAN BEGINS,unknown
NEVER SAY NEVER AGAIN,unknown
WIELRENNEN. HEISTSE PIJL,unknown
THE DARK KNIGHT,unknown
SURVIVOR,unknown
ESCAPE PLAN,unknown
DE KLEEDKAMER - RONDE VAN FRANKRIJK,unknown
WIELRENNEN. HALLE-INGOOIGEM,unknown
NATIONAL TREASURE,unknown
MAX,unknown
WHAT WOMEN WANT,unknown
SPIDER-MAN,unknown
INSIDE OUT,unknown
WIELRENNEN. BK. GENT. D.,unknown
"ALEX AGNEW, UNFINISHED BUSINESS - DEEL 3",unknown
"HITLER JEUGD, HET KINDERLEGER VAN DE NAZI'S",unknown
MERCI MERCKX,unknown
WORLD'S WEIRDEST HOMES,unknown
WIELRENNEN. RONDE VAN FRANKRIJK - RIT 1 BRUSSEL>BRUSSEL,unknown
THE DEPARTED,unknown
"EVENAAR, EEN LIJN VOL LEVEN",unknown
"THE LIBRARIAN, QUEST FOR THE SPEAR",unknown
WIELRENNEN. RONDE VAN FRANKRIJK - RIT 6 MULHOUSE>LA PLANCHE DES BELLES FIL,unknown
MARRIED AT FIRST SIGHT,unknown
THE BEST OF THE VOICE WORLDWIDE,unknown
ATLETIEK. MONACO (S.),unknown
"BRIDGET JONES, THE EDGE OF REASON",unknown
HOOTEN & THE LADY,unknown
GOLDENEYE,unknown
LEEUWENLAND,unknown
COYOTE UGLY,unknown
WIELRENNEN. RONDE VAN FRANKRIJK - RIT 13 PAU>PAU,unknown
PLAN BART,unknown
TOMORROW NEVER DIES,unknown
WORLD'S BUSIEST - CITIES,unknown
WIELRENNEN. RONDE VAN FRANKRIJK - RIT 18 EMBRUN>VALLOIRE,sport
THE SORCERER'S APPRENTICE,unknown
MALAVITA,unknown
DIT WAS YASMINE,entertainment
F1. WK. GP. DUITSLAND (S.),unknown
GOED VERLOF,unknown
OUTBACK,unknown
DAS BOOT,unknown
ONE WILD DAY,unknown
ZOOTROPOLIS,unknown
HARRY POTTER AND THE CHAMBER OF SECRETS,unknown
LE GENDARME DE SAINT-TROPEZ,unknown
WIELRENNEN. EK. TIJDRIJDEN ALKMAAR,unknown
I GIVE IT A YEAR,unknown
YORKSHIRE AIRPORT,unknown
INTO THE WOODS,unknown
HARRY POTTER AND THE PRISONER OF AZKABAN,unknown
COLUMBO,fiction
HARRY POTTER AND THE GOBLET OF FIRE,unknown
ATLETIEK. BIRMINGHAM,unknown
ESCAPE TO COSTA RICA,unknown
D'ARDENNEN,unknown
VB. C3 UEFA SCHIFT - STUDIO,unknown
"I, ROBOT",unknown
THE JUNGLE BOOK,unknown
HARRY POTTER AND THE ORDER OF THE PHOENIX,unknown
ATLETIEK. PARIJS (S.),unknown
"TRIBES, ANIMALS AND ME",unknown
BLIND GEKOCHT NL,lifestyle
DE WITTE VAN SICHEM,fiction
SISTER ACT,fiction
HARRY POTTER AND THE HALF-BLOOD PRINCE,unknown
WIELRENNEN. GP. BRETAGNE CLASSIC,unknown
"HOSPITAL, THE WESTMINSTER TERROR ATTACK",unknown
VANDAAG,entertainment
GINA & CHANTAL,unknown
VB. EK. KWALIF - STUDIO,unknown
ATLETIEK. MEMORIAL IVO VAN DAMME,unknown
JEUNE ET JOLIE,unknown
VELDRIJDEN. EEKLO,unknown
GEUB,fiction
DURF TE VRAGEN,knowledge
STUDIO STAN,unknown
"LOIC, ZOT VAN KOKEN",unknown
(H)ALLOOMEDIA,unknown
MERCI VOOR DE MUZIEK,entertainment
WHAT'S EATING GILBERT GRAPE,unknown
BLOOD,unknown
NOW YOU SEE ME 2,unknown
DONDEREN IN KEULEN,entertainment
GRENSLANDERS,fiction
WIELRENNEN. WK. HARROGATE,unknown
WIELRENNEN. WK. HARROGATE H.,sport
THE EXPENDABLES 2,fiction
WIELRENNEN. WK. HARROGATE D.,unknown
INTERSTELLAR,unknown
GREAT INDIAN RAILWAY JOURNEYS,unknown
DE LUCHTPOLITIE,unknown
FANTASTIC FOUR,unknown
ATLETIEK. WK. DOHA,unknown
"STEENRIJK, STRAATARM",unknown
CHEAT,unknown
GODS OF EGYPT,unknown
KOMT EEN VROUW BIJ DE DOKTER,unknown
VELDRIJDEN. MEULEBEKE H.,unknown
VELDRIJDEN. MEULEBEKE D.,unknown
"MECHANIC, RESURRECTION",unknown
GYM. WK. STUTTGART,unknown
THE HUNTERS,unknown
THE HUNGER GAMES,unknown
UNITE 42,unknown
"SERGIO & AXEL, VAN DE KAART",unknown
BASTILLE DAY,unknown
MAGICAL LAND OF OZ,unknown
"JACK REACHER, NEVER GO BACK",unknown
JOANNA LUMLEY'S SILK ROAD ADVENTURE,unknown
"THE HUNGER GAMES, CATCHING FIRE",unknown
ANDY OP PATROUILLE,unknown
KING ARTHUR,unknown
KINDEREN VAN HET VERZET,unknown
VELDRIJDEN. KOPPENBERG H.,unknown
VELDRIJDEN. KOPPENBERG D.,unknown
THE PROPOSAL,unknown
ALLIED,unknown
"NIGELLA, AT MY TABLE",unknown
VELDRIJDEN. RUDDERVOORDE (S.),unknown
OOIT VRIJ,unknown
CODE VAN COPPENS,entertainment
LONDON KILLS,unknown
DE TWAALF,fiction
VELDRIJDEN. NIEL,unknown
HET HUIS - THEO FRANCKEN,unknown
WAT EEN DAG,unknown
FOREVER YOUNG,unknown
ROOKIE COPS,unknown
VELDRIJDEN. WB. TABOR (S.),unknown
VELDRIJDEN. HAMME H.,unknown
VELDRIJDEN. HAMME D.,unknown
DE BATTLE,unknown
FAIL ARMY,unknown
VELDRIJDEN. WACHTEBEKE H.,unknown
VELDRIJDEN. WACHTEBEKE D.,unknown
NIGHT AT THE MUSEUM,unknown
VELDLOPEN. ROESELARE (S.),unknown
EENZAAM,unknown
"STAR WARS, THE FORCE AWAKENS",unknown
VELDRIJDEN. MOL (S.),unknown
FURIOUS 7,unknown
INSPECTOR MORSE,unknown
HET HUIS - WILLY SOMMERS,unknown
VB. BB. 1/8F,unknown
VELDRIJDEN. ESSEN,unknown
BAYWATCH,unknown
HET HUIS - DINA TERSAGO,unknown
RUSSIA WITH SIMON REEVE,unknown
WITTEKERKE,unknown
VELDRIJDEN. OVERIJSE D.,unknown
GREAT AUSTRALIAN RAILWAY JOURNEYS,unknown
"INDEPENDENCE DAY, RESURGENCE",unknown
VELDRIJDEN. SINT-NIKLAAS H.,unknown
VELDRIJDEN. SINT-NIKLAAS D.,unknown
MRS. DOUBTFIRE,unknown
DEN DOENDE DETEKTIVEN,unknown
SNOW BEARS,knowledge
DE WARMSTE WEEK,unknown
"PAUL BLART, MALL COP",unknown
BINGO,unknown
SEVEN WORLDS ONE PLANET,unknown
CHATEAU MEILAND,lifestyle
VELDRIJDEN. HEUSDEN-ZOLDER H.,unknown
VELDRIJDEN. HEUSDEN-ZOLDER D.,unknown
ARRIVALS,unknown
E.T. - THE EXTRA-TERRESTRIAL,unknown
NORTH AMERICA WITH SIMON REEVE,unknown
IS ER EEN KERSTMAN IN DE ZAAL?,entertainment
KUNG FU PANDA,unknown
VELDRIJDEN. BREDENE H.,unknown
VELDRIJDEN. BREDENE D.,unknown
VELDRIJDEN. BREDENE,unknown
BART PEETERS DELUXE,unknown
DOWN THE SNOW,unknown
"RODE NEUZEN DAG, THE BEST OF",unknown
"VIVE LE VELO, WIELERJAAR 2019",unknown
ALLOO BIJ... - NIELS DESTADSBADER,unknown
"ALEX AGNEW, UNFINISHED BUSINESS - DEEL 1",unknown
THE NAME OF THE ROSE,unknown
A CONFESSION,unknown
PETIT PANDA,knowledge
VELDRIJDEN. BRUSSEL H.,unknown
VELDRIJDEN. BRUSSEL D.,unknown
"DE BUURTPOLITIE, DE TUNNEL",unknown
RAISED BY THE VILLAGE,unknown
"ALEX AGNEW, UNFINISHED BUSINESS - DEEL 2",unknown
THE BAY,unknown
1 JAAR GRATIS,entertainment
TATRA MOUNTAINS,unknown
"CAPTAIN AMERICA, CIVIL WAR",unknown
ZOOKEEPER,unknown
BILJART. BLANKENBERGE (S.),unknown
"XXX, RETURN OF XANDER CAGE",unknown
100 DAGEN,unknown
BOERENJAAR,unknown
GENTBRUGGE,unknown
DARK MONEY,unknown
CINDERELLA,unknown
DEADPOOL,unknown
BABY CHIMP RESCUE,unknown
THE MUMMY,unknown
KAMP WAES,knowledge
ZWEMMEN. ANTWERPEN,unknown
DE EEUWIGE OORLOG,unknown
MISS PEREGRINE'S HOME FOR PECULIAR CHILDREN,unknown
VELDRIJDEN. ZONNEBEKE (S.),unknown
VELDRIJDEN. HOOGERHEIDE H. (S.),unknown
MOMENTUM,unknown
BEAT VTM,unknown
VELDRIJDEN. WK. DUBENDORF - BELOFTEN H.,unknown
VELDRIJDEN. WK. DUBENDORF D.,unknown
"HELP, MIJN BORSTEN STAAN ONLINE",unknown
ALLOO IN DE POLITIERECHTBANK,unknown
THE LEGEND OF TARZAN,unknown
FLYING TO THE ENDS OF THE EARTH,unknown
THE VOICE KIDS - THE BLIND AUDITIONS,entertainment
VELDRIJDEN. MIDDELKERKE (S.),unknown
VELDRIJDEN. HULST H.,sport
VELDRIJDEN. HULST D.,unknown
WAT MANNEN WILLEN,unknown
ANCIENT INVISIBLE CITIES - CAIRO,unknown
#LIKEME,fiction
DE VERDWIJNING VAN BRITTA CLOETENS,knowledge
RAYMOND!,unknown
VB. C3 UEFA 1/16F - CL.BRUGGE/MANCHESTER (2HT),unknown
"JOHN WICK, CHAPTER 2",unknown
VELDRIJDEN. OOSTMALLE (S.),unknown
BRASSERIE ROMANTIEK,unknown
GEHEIMEN VAN HET LAM GODS,unknown
OP EEN - WATER,unknown
VB. C1 UEFA 1/8F - STUDIO,unknown
WIELRENNEN. OMLOOP HET NIEUWSBLAD H.,sport
ONE FINE DAY,unknown
PASSENGERS,unknown
VRANCKX & DE NOMADEN,unknown
MANHUNT,fiction
SARA,unknown
"EXTRA NIEUWS - CORONACRISIS, UPDATE",unknown
LEGO MASTERS,entertainment
NATURE'S GREATEST TALENTS - MASTERS OF DISGUISE,unknown
GR5,fiction
"WIJ, HEREN VAN ZICHEM",unknown
TOPDOKTERS CORONA,unknown
MEDITERRANEAN WITH SIMON REEVE,unknown
INFLUENCERS,unknown
HET PARKET,knowledge
GERT LATE NIGHT - LOCKDOWN,unknown
"HELDEN VAN HIER, CORONA",knowledge
DE CONTAINER CUP,unknown
TWEE TINTEN GRIJS,knowledge
KINDEREN VAN DE HOLOCAUST,unknown
DE ZAAK ALZHEIMER,unknown
EXTRA JOURNAAL - CORONACRISIS/VEILIGHEIDSRAAD,unknown
HARRY POTTER AND THE DEATHLY HALLOWS - PART 2,unknown
LINE OF DUTY,unknown
"BOER ZKT VROUW, HOME SWEET HOME",entertainment
SPORZA RETRO,unknown
THE ROOKIE,fiction
LES DERNIERES HEURES DE POMPEI,unknown
BAND OF BROTHERS,unknown
DOSSIER K.,unknown
NIEUWS ACCESS VTM,unknown
BILLY ELLIOT,unknown
"KINGSMAN, THE GOLDEN CIRCLE",unknown
"BELGA SPORT - 4X100 METER, DE LANGE WEG NAAR GOUD",unknown
PHILADELPHIA,unknown
THE BOSS,unknown
MICHAEL PALIN IN NORTH KOREA,unknown
"SPIDER-MAN, HOMECOMING",unknown
THE MECHANIC,unknown
THE FOREIGNER,fiction
HET TWEEDE GELAAT,unknown
BAKE OFF @HOME,unknown
MINIONS,unknown
RICK STEIN'S SECRET FRANCE,unknown
KOMT EEN MAN BIJ DE DOKTER,fiction
HET BESTE UIT BELGIUM'S GOT TALENT,unknown
MANIFEST,unknown
"KAMAL KHARMACH, DE SCHAAMTE VOORBIJ",unknown
I AM WRATH,unknown
IT TAKES TWO,unknown
THE WORLD'S BEST,unknown
JASON BOURNE,unknown
SISTER ACT II,fiction
VELDRIJDEN. BAAL,unknown
RITUALS - THE POWER OF NATURE,unknown
"HOSPITAL, FIGHTING COVID-19",unknown
MISSION IMPOSSIBLE,unknown
"BLOED, ZWEET & TRANEN",unknown
IN DE GREEP VAN HET VIRUS,unknown
DWARS DOOR OCEANIE,knowledge
VIVE LA VIE!,knowledge
ALLERBESTE KIJKERS,unknown
MISSION IMPOSSIBLE II,unknown
THE TRANSPORTER REFUELED,unknown
"THE HUNTSMAN, WINTER'S WAR",unknown
THE DESCENDANTS,unknown
DE BLACKLIST,unknown
PATROUILLE LINKEROEVER,unknown
THE BEACH,unknown
INSIDE TARONGA ZOO,unknown
DE BUNKER,unknown
OP KOT,unknown
THE DOG HOUSE,unknown
LA LA LAND,unknown
BIENVENUE CHEZ LES CH'TIS,fiction
BEARS ABOUT THE HOUSE,unknown
OBESE,unknown
AN OFFICER AND A MURDERER,unknown
LA GRANDE VADROUILLE,fiction
DE PLAYLIST,unknown
DE BARAK VAN BARTEL,unknown
LA FAMILLE BELIER,unknown
DE ZOMER VAN,unknown
DE ZOMER VAN '69,unknown
DIE HARD WITH A VENGEANCE,unknown
CORPS DIPLOMATIQUE,unknown
SOUTH AFRICA - CLASH OF CURRENTS,unknown
BEN-HUR,unknown
PADDINGTON 2,unknown
ACHTER DE WOLKEN,unknown
ANIMAL RESCUE SCHOOL,unknown
THE LORD OF THE RINGS,unknown
PLAT PREFERE,unknown
DODE HOEK,unknown
THE CHEFS' BRIGADE,unknown
WIELRENNEN. STRADE BIANCHE H.,unknown
KILLERS,unknown
PERCY JACKSON & THE LIGHTNING THIEF,unknown
OP WEG MET JAN - VIETNAM,unknown
HET RAD,unknown
VB. C3 UEFA 1/8F - STUDIO,unknown
WIELRENNEN. RONDE VAN LOMBARDIJE,unknown
SOUTH AFRICA - KILLERS OF THE KALAHARI,unknown
GRIFF'S GREAT KIWI ROAD TRIP,unknown
WAR OF THE WORLDS,unknown
HOSTAGE,unknown
THE SHAWSHANK REDEMPTION,unknown
OP WEG MET JAN - EL SALVADOR,knowledge
MAGDA GOEBBELS,unknown
DIE HUIS - DANIRA BOUKHRISS TERKESSIDIS,unknown
"EXTRA NIEUWS - CORONACRISIS, PERSCONFERENTIE NATIONALE",unknown
VB. C3 UEFA FIN - STUDIO,unknown
SING,unknown
OCEAN'S THIRTEEN,unknown
EXPEDITION WITH STEVE BACKSHALL,unknown
DE POSITIVO'S,unknown
WIELRENNEN. TIJDRIJDEN. EK. PLOUAY H.,unknown
WAR FOR THE PLANET OF THE APES,unknown
A KNIGHT'S TALE,unknown
WIELRENNEN. RONDE VAN FRANKRIJK - RIT 1 NICE MOYEN PAYS>NICE,unknown
MIRROR MIRROR,unknown
ZWARE JONGENS,unknown
"MIJN KEUKEN, MIJN RESTAURANT",unknown
DUBBELLEVEN,fiction
FBI,fiction
DWARS DOOR BELGIE,knowledge
AXEL GAAT BINNEN,unknown
VB. NATIONS LEAGUE UEFA - BELGIE/IJSLAND,sport
DE CEL VERMISTE PERSONEN,knowledge
EEN ECHTE JOB,knowledge
VEEL TAMTAM,unknown
OPVOEDEN DOE JE ZO,unknown
THE VOICE KIDS - THE FINALS,unknown
VAN DER VALK,unknown
FAST & FURIOUS 8,unknown
CHATEAU PLANCKAERT,knowledge
PITCH PERFECT 3,unknown
RED SPARROW,unknown
WIELRENNEN. RONDE VAN FRANKRIJK - RIT 21 MANTES-LA-JOLIE>PARIS CHAMPS-ELYS,unknown
SNACKMASTERS,lifestyle
TELEFACTS NU,unknown
EXTRA JOURNAAL - NATIONALE VEILIGHEIDSRAAD,unknown
THE MASKED SINGER,entertainment
BRIDGET JONES'S BABY,unknown
PATSER,unknown
VELDRIJDEN. LOKEREN,unknown
WIELRENNEN. WK. IMOLA H.,sport
F1. WK. GP. RUSLAND (S.),unknown
FILIP VAN BELGIE - DE LANGE WEG NAAR DE TROON,unknown
EEN ZOMER ALS GEEN ANDERE,unknown
LADYTRUCKERS,unknown
KEEPING FAITH,unknown
CHICAGO MED,unknown
THIN ICE,unknown
DE MUG,unknown
ANDERMANS ZAKEN,knowledge
VB. VRIEND - STUDIO,unknown
"BATMAN V SUPERMAN, DAWN OF JUSTICE",unknown
GREAT ASIAN RAILWAY JOURNEYS,unknown
"PIRATES OF THE CARIBBEAN, SALAZAR'S REVENGE",unknown
"FILIP VAN BELGIE, DE LANGE WEG NAAR DE TROON",unknown
"VIVE LE VELO, LEVE DE RONDE",unknown
VB. NATIONS LEAGUE UEFA - IJSLAND/BELGIE,sport
THE DEVIL WEARS PRADA,unknown
VELDRIJDEN. GP. BERINGEN H.,unknown
VELDRIJDEN. GP. BERINGEN D.,unknown
DE ANDERHALVE METER SHOW,unknown
AUTUMN IN NEW YORK,unknown
THE DECEIVED,unknown
NATURE'S BIGGEST BEASTS,unknown
"ROGUE ONE, A STAR WARS STORY",unknown
F1. WK. GP. ITALIE (S.),unknown
VB. C1 UEFA SCHIFT - CL.BRUGGE/DORTMUND,sport
EXTRA NIEUWS - VS 2020,information
JUSTICE FOR ALL,unknown
"THE MASKED SINGER, BEHIND THE MASK",entertainment
ZE ZEGGEN DAT,knowledge
LEWIS,unknown
LET'S GO WILD,unknown
"LIEFDE VOOR MUZIEK, DE REUNIE",entertainment
OVER 5 JAAR,knowledge
GEUBELS EN DE HOLLANDERS,entertainment
MURDOCH MYSTERIES,fiction
WILDLIFE IN THE CANTABRIAN MOUNTAINS,unknown
THE VALHALLA MURDERS,unknown
CENTRAL INTELLIGENCE,unknown
BILLY CONNOLLY'S GREAT AMERICAN TRAIL,unknown
HET HUIS - ELODIE OUEDRAOGO,unknown
VB. C1 UEFA SCHIFT - DORTMUND/CL.BRUGGE,unknown
VELDRIJDEN. KORTRIJK H.,unknown
VELDRIJDEN. KORTRIJK D.,unknown
BLACK-OUT,fiction
RIP 2020,unknown
HET HUIS - ANDRE HAZES,unknown
CUPIDO OFZO,unknown
"JA, CHEF!",unknown
THE HITMAN'S BODYGUARD,unknown
HET HUIS - SISKA SCHOETERS,unknown
DEADWATER FELL,unknown
VELDRIJDEN. SCHELDECROSS H.,unknown
VELDRIJDEN. SCHELDECROSS D.,unknown
PIPPA,unknown
60 JAAR SPORTWEEKEND,unknown
THE VOICE SENIOR,unknown
HET HUIS - MARC VAN RANST,unknown
"WOUT, WAAR EEN WIL IS",unknown
THE GREATEST SHOWMAN,unknown
FATHER BROWN,fiction
IT'S A WILD CHRISTMAS,unknown
"DE BUURTPOLITIE, OPERATIE RUDOLF",unknown
KERST MET 11 MILJOEN,unknown
THE BFG,unknown
KERSTCONCERT VANUIT HET PALEIS,unknown
DE SMAAK VAN JOEL,unknown
ALLEMAAL FAMILIE,unknown
FC DE KAMPIOENEN - KERSTSPECIAL,fiction
BEAUTY & THE BEAST,unknown
WAT ALS? EINDEJAARSSPECIAL,unknown
"KAMAL KHARMACH, MAG IK EVEN?",entertainment
"ABBA FOREVER, THE WINNER TAKES IT ALL",unknown
"NIELS DESTADSBADER, BOVEN DE WOLKEN",unknown
VELDRIJDEN. GP. SVEN NYS H.,unknown
WIELERJAAR 2020,sport
WILD ALPINE RIVERS,unknown
"2020, HET NIEUWE NORMAAL",information
DARTS. WK,sport
OVER DE OCEAAN,lifestyle
HET HOGE NOORDEN,knowledge
WE MOETEN EENS PRATEN,fiction
BIG BROTHER,entertainment
MURDER ON THE ORIENT EXPRESS (2017),unknown
THE POLAR BEAR CUB,knowledge
LEEF,fiction
OP INTERVENTIE,unknown
JUNIOR BAKE OFF,unknown
DE VERHULSTJES,knowledge
MAGICAL ICELAND,unknown
THE KING'S SPEECH,unknown
"SHERLOCK HOLMES, A GAME OF SHADOWS",unknown
DA'S LIEFDE!,unknown
LOCKDOWN,unknown
WINDKRACHT 10,unknown
SPRAKELOOS,unknown
AMERICAN SNIPER,unknown
SHAQ,unknown
LISA,unknown
"HELDEN VAN HIER, ONTPLOFFING PAARDENMARKT",unknown
INCREDIBLES 2,unknown
SPY IN THE SNOW,unknown
VELDRIJDEN. WK. OOSTENDE D.,unknown
THE PEMBROKESHIRE MURDERS,unknown
VELDRIJDEN. MIDDELKERKE H.,sport
VELDRIJDEN. MIDDELKERKE D.,unknown
BYE BYE BELGIUM,unknown
"WILL TURA, HOOP DOET LEVEN",unknown
WEEK VAN DE BELGISCHE MUZIEK,unknown
09/01/2001,unknown
VELDRIJDEN. EEKLO H.,unknown
DAENS,unknown
VELDRIJDEN. EEKLO D.,unknown
DUNKIRK,unknown
"REIZEN WAES, VLAANDEREN",lifestyle
BDW,knowledge
DAG DOKTER,unknown
GRIFF'S GREAT AUSTRALIAN RAIL TRIP,unknown
BLIJVEN SLAPEN,unknown
GAME OF TALENTS,unknown
FAIR TRADE,unknown
ALBATROS,unknown
WAAR IS MARK?,unknown
LATER ALS IK GROOT BEN,unknown
#WEETIKVEEL,knowledge
DE BACHELORETTE,unknown
EXTRA JOURNAAL - OVERLEGCOMITE,information
WIELRENNEN. OMLOOP HET NIEUWSBLAD,sport
FRANKIE AND JOHNNY,unknown
TRUST ME,unknown
THE ACCOUNTANT,unknown
LEEF!,unknown
WIELRENNEN. GP. SAMYN H.,unknown
WIELRENNEN. STRADE BIANCHE D. (S.),unknown
WIELRENNEN. STRADE BIANCHE D.,unknown
"KONG, SKULL ISLAND",unknown
WIELRENNEN. GP. MONSERE,unknown
ATLETIEK. EK. INDOOR TORUN,unknown
ALS JE EENS WIST,unknown
HUIS GEMAAKT,lifestyle
WIELRENNEN. PARIJS-NICE - RIT 7 NICE>VALDEBLORE LA COLMIANE,unknown
AGENT HAMILTON,unknown
WIELRENNEN. PARIJS-NICE - RIT 8 NICE>NICE,unknown
CYCL. TIRRENO-ADRIATICO,sport
KAT ZONDER GRENZEN,unknown
WIELRENNEN. BREDENE KOKSIJDE CLASSIC,unknown
BORDER SECURITY (USA),unknown
EN TOEN WAS HET STIL,knowledge
FLIKKEN BXL,unknown
VB. WK. KWALIF - STUDIO,unknown
DE WONDERJAREN,unknown
THE VOICE VAN VLAANDEREN - KNOCKOUT,unknown
MCDONALD & DODDS,unknown
POPQUIZ,unknown
NOTTING HILL,unknown
DE RONDE 104,unknown
DWARS DOOR DE MIDDELLANDSE ZEE,lifestyle
"CAMPING COPPENS, OP WEG NAAR ZWEDEN",lifestyle
VB. C1 UEFA 1/4F - STUDIO,unknown
DE OMGEKEERDE WERELD,unknown
"BADLANDS, HARD ROCK, TOUGH LIVES",unknown
"KING ARTHUR, LEGEND OF THE SWORD",unknown
DE COOKE & VERHULST SHOW,unknown
WIELRENNEN. WAALSE PIJL H.,unknown
DE KEMPING,knowledge
"EXTRA NIEUWS - CORONACRISIS, PERSCONFERENTIE OVERLEGCOM",unknown
THE MOUNTAIN BETWEEN US,unknown
"THOR, RAGNAROK",unknown
WIELRENNEN. LUIK-BASTENAKEN-LUIK H.,sport
ZORGEN VOOR MAMA,knowledge
ERFGENAAM GEZOCHT,knowledge
IK VERTREK UIT VLAANDEREN,unknown
BLOODLANDS,unknown
RECHT OP RECHT,unknown
VB. BK - CL.BRUGES/ANDERLECHT,unknown
"HELDEN VAN HIER, DE KUST",unknown
CYCL. GIRO D'ITALIA,sport
"FBI, MOST WANTED",fiction
SPORZA GIRO,unknown
VIVA VERMEIRE,unknown
PETRA,unknown
EUROVISIE SONGFESTIVAL - HALVE FINALE,entertainment
HIT THE ROAD JACQUES,unknown
VB. BK - ANDERLECHT/CL.BRUGGE,sport
"MISSION IMPOSSIBLE, FALLOUT",unknown
CLAN,unknown
WIELRENNEN. RONDE VAN LIMBURG,unknown
ALLOO BIJ... - JACQUES VERMEIRE,unknown
DARTS. PREMIER LEAGUE,unknown
RIEN A DECLARER,fiction
"JOURNEY 2, THE MYSTERIOUS ISLAND",unknown
KONINGIN ELISABETH WEDSTRIJD - FINALE,unknown
BANG VAN DENDONCKER,unknown
HET EK VAN DE DUIVELS,unknown
VRT NIEUWS UPDATE,information
BASKET. BK (S.),unknown
F1. WK. GP. AZERBEIDZJAN (S.),unknown
FOR THE LOVE OF DOGS,unknown
WIELRENNEN. BALOISE BELGIUM TOUR - RIT 4 HAMOIR>HAMOIR,unknown
AANRIJDING IN MOSCOU,unknown
THE PLANETS,unknown
MEN OF HONOR,unknown
COSTA BELGICA,unknown
MISDAADDOKTERS - PLAATS DELICT,unknown
MAN ON FIRE,unknown
VTM NIEUWS FLASH,unknown
"PHILIPPE GEUBELS, BEDANKT VOOR ALLES",entertainment
WIELRENNEN. BK. WAREGEM. H.,unknown
DE WERELD VAN DE CHINEZEN,unknown
ASTERIX AUX JEUX OLYMPIQUES,fiction
INDIA'S WILD KARNATAKA,unknown
ANNIE (2014),unknown
WIELRENNEN. RONDE VAN FRANKRIJK - RIT 1 BREST>LANDERNEAU,unknown
PAARDENSPORT. JUMPING. KNOKKE,unknown
MISDAADDOKTERS - VAN SNIJTAFEL TOT RECHTBANK,unknown
THE TRANSPORTER,unknown
HET HUIS - WOUT VAN AERT,unknown
WIELRENNEN. RONDE VAN FRANKRIJK - RIT 7 VIERZON>LE CREUSOT,unknown
"THE ADVENTURES OF TINTIN, THE SECRET OF THE UNICORN",fiction
KAMPIOEN ZIJN BLIJFT PLEZANT,fiction
...VOOR DUMMIES - FAMILIAAL GELUK,unknown
MALTESE,unknown
VAKANTIEHUIS FOR LIFE,unknown
"ESCAPE TO THE CHATEAU, RESTORING THE DREAM",unknown
THE AMERICAN DREAM XL,unknown
...VOOR DUMMIES - LEKKER ETEN,unknown
MISDAADDOKTERS - GETUIGEN VAN LEVEN EN DOOD,unknown
"MARRY ME, MARRY MY FAMILY",unknown
WIELRENNEN. RONDE VAN FRANKRIJK - RIT 18 PAU>LUZ-ARDIDEN,unknown
MY BIG FAMILY FARM,unknown
K3 ZOEKT K3,entertainment
BALTHAZAR,fiction
...VOOR DUMMIES - FEESTPLEZIER,unknown
TERZAKE,unknown
CHRISTOPHER ROBIN,unknown
NATIONALE FEESTDAG 21 JULI,unknown
WAARHEID DURVEN OF DOEN,unknown
OS. OPENINGSCEREMONIE,unknown
VAN HIER TOT IN TOKIO,unknown
REIZEN WAES JAPAN,lifestyle
STUDIO TOKIO,sport
ANIMAL AMBULANCE,unknown
O.S. 2021 ZWEMMEN,unknown
O.S. 2021 RITMISCHE GYMNASTIEK H.,unknown
O.S. 2021 RITMISCHE GYMNASTIEK D.,unknown
O.S. 2021 WIELRENNEN H.,unknown
O.S. 2021 BASKETBAL 3X3,unknown
IT COULD HAPPEN TO YOU,unknown
DE WILDERNIS HERSTELD,unknown
O.S. 2021 BASKETBAL H.,unknown
O.S. 2021 ATLETIEK,unknown
PANIEKZAAIERS,unknown
O.S. 2021 BADMINTON H.,unknown
O.S. 2021 RITMISCHE GYMNASTIEK,unknown
O.S. 2021 PAARDENSPORT. JUMPING H.,unknown
O.S. 2021 BASKETBAL D.,unknown
O.S. 2021 WIELRENNEN. BAAN,unknown
O.S. 2021 WIELRENNEN. BAAN H.,unknown
MY NEW GREEK LIFE,unknown
O.S. 2021 TAFELTENNIS D.,unknown
O.S. 2021 PAARDENSPORT. JUMPING - DEVOS - GUERY - WATHELET,unknown
GASTON EN LEO IN HONG KONG,unknown
O.S. 2021 HANDBAL D.,unknown
22 KIDS AND COUNTING,unknown
"CLIMATE CHANGE, THE FACTS",unknown
LES PETITS MEURTRES D'AGATHA CHRISTIE,unknown
THE PLAYGROUND OF THE SEALS,unknown
GREEK ISLAND ODYSSEY,unknown
EARTH'S TROPICAL ISLANDS - MADAGASCAR,unknown
VB. BK - ZULTE WAREGEM/CL.BRUGGE,unknown
VLAANDEREN HERLEEFT,unknown
WIELRENNEN. VUELTA - RIT 7 GANDIA>BALCON DE ALICANTE,unknown
WIELRENNEN. GP. MARCEL KINT,unknown
ORANGUTAN JUNGLE SCHOOL,unknown
REGI ACADEMY,unknown
SECRETS OF THE ROYAL PALACES,unknown
OS. PARALYMPICS (S.),unknown
HASTA LA VISTA,unknown
VILLA ZUID-AFRIKA,unknown
THE BLIND SIDE,unknown
VB. BK - GENK/ANDERLECHT,unknown
DIANA,unknown
"CARAIBES SAUVAGES, LES RIVAGES DE LA BIODIVERSITE",unknown
"TOUTANKHAMON, LE TRESOR REDECOUVERT",unknown
DE VERHULSTJES IN SAINT-TROPEZ,unknown
ONVERWACHT,unknown
HET SCHELDEPELOTON,unknown
THE BEST OF,unknown
SCHEIRE EN DE SCHEPPING,unknown
LET'S TALK ABOUT SEX,unknown
VIERVOETERS,unknown
DE TIJD VAN ONS LEVEN,unknown
VELDRIJDEN. LOKEREN H.,sport
WILD UGANDA,unknown
JERRY MAGUIRE,unknown
WIELRENNEN. EK. TRENTINO H.,unknown
K2 ZOEKT K3,entertainment
VB. C1 UEFA SCHIFT - CL.BRUGGE/PARIS-ST-G.,unknown
"CAMPING COPPENS, ONZE ZWEEDSE ZOMER",unknown
WIELRENNEN. KAMPIOENSCHAP VAN VLAANDEREN H.,unknown
ONDER VUUR,fiction
VB. BK - STANDARD/ANDERLECHT,sport
"HELDEN VAN HIER, POLITIE OOSTENDE",unknown
WIELRENNEN. WK. VLAANDEREN H.,sport
TEMPTATION ISLAND - LOVE OR LEAVE,unknown
WIELRENNEN. WK. VLAANDEREN D.,unknown
ZUID-AFRIKA MET GREGG WALLACE,unknown
"ALEX AGNEW, BE CAREFUL WHAT YOU WISH FOR",unknown
VOOR ALTIJD KAMPIOEN!,unknown
ALLOO LIVE,unknown
GRACE,unknown
COLD PURSUIT,fiction
OUTLIER,unknown
F1. WK. GP. TURKIJE,unknown
IK BEN REMCO,unknown
THE LAST WITCH HUNTER,unknown
CHEYENNE & LOLA,unknown
ALLOO BIJ DE VERKEERSPOLITIE,unknown
VELDRIJDEN. ZONHOVEN H.,unknown
DE BENDE VAN JAN DE LICHTE,unknown
KLOPJACHT,unknown
ALS JE ONS KAN HOREN,unknown
VB. BK - SINT-TRUIDEN/CL.BRUGGE,unknown
"BLIND GETROUWD, DE JUBILEE",unknown
DE STERKSTE HANDEN,unknown
GROND,unknown
HET HOOGSTE BOD,unknown
SAAR IN HET BOS,unknown
DE NOODCENTRALE AMERIKA,unknown
DEN OF THIEVES,unknown
TESTAMENT OF YOUTH,unknown
INTERIEURTALENT GEZOCHT MET VTWONEN,unknown
VELDLOPEN. MOL (S.),unknown
ONDERZOEKSRECHTERS,unknown
EXPEDITIE GOORIS,lifestyle
"EENMAAL, ANDERMAAL",lifestyle
WOUT,unknown
DRAAGMOEDERS,unknown
RODE NEUZEN DAG,unknown
ANNIKA,unknown
WILD CHINA WITH RAY MEARS,unknown
VB. BK - GENK/CL.BRUGGE,unknown
KOM OP TEGEN KANKER,unknown
BOHEMIAN RHAPSODY,fiction
FURIA,unknown
HET HUIS - CONNER ROUSSEAU,unknown
"JAMES, DE MUSICAL",entertainment
WILLY STEVENIERS,unknown
"ROB DE NIJS, VOOR HET LAATST",unknown
SPORTGALA,unknown
SISSI,unknown
FIRST DATES TEENS,unknown
VRT NIEUWS UPDATE - OVERLEGCOMITE,unknown
VELDRIJDEN. DENDERMONDE H.,sport
WIELERJAAR 2021,unknown
VELDRIJDEN. DENDERMONDE D.,unknown
LOSLOPEND KERSTWILD,unknown
VELDRIJDEN. HEUSDEN-ZOLDER (S.),unknown
UW FILM VAN HET JAAR,unknown
MR. BEAN,fiction
GRIZZLY BEAR CUBS AND ME,unknown
VELDRIJDEN. LOENHOUT H.,unknown
VELDRIJDEN. LOENHOUT D.,unknown
TIEN OM TE ZIEN,entertainment
VELDRIJDEN. GP. SVEN NYS D.,unknown
LOIC TUSSEN 2 VUREN,unknown
"ED SHEERAN, SPECIAL VOOR DE WARMSTE WEEK",unknown
"REIZEN WAES, NEDERLAND",lifestyle
VELDRIJDEN. HERENTALS H.,unknown
VELDRIJDEN. HERENTALS D.,unknown
RAYMOND GOETHALS MAGIE IN MARSEILLE,unknown
A STAR IS BORN,unknown
TOKIO 2020,information
AMERICAN RAILROAD JOURNEYS,unknown
INFERNO,fiction
SERGIO OVER DE GRENS,unknown
"DE BUURTPOLITIE, VIPS",unknown
DALGLIESH,fiction
WINTER WONDERLAND,unknown
INSIDE EDINBURGH ZOO,unknown
THERAPIE,unknown
"DELPHINE, MIJN VERHAAL",knowledge
TAXI JORIS,knowledge
"CUDDLY & WILD, ADORABLE ANIMAL BABIES",unknown
DEN SOM DRAEBER,unknown
HECTOR,unknown
GLAD IJS,unknown
THE NEXT THREE DAYS,unknown
VELDRIJDEN. WK. FAYETTEVILLE H.,sport
VB. BK - CL.BRUGGE/GENT,sport
NIETS GAAT OVER,knowledge
SPORZA BEIJING 2022,unknown
TWEE ZOMERS,fiction
ICELAND WITH ALEXANDER ARMSTRONG,unknown
DE VERRADERS,entertainment
DE KASTEELMOORD,unknown
O.S. 2022 KUNSTSCHAATSEN - LOENA HENDRICKX,unknown
MARBLE MANIA,unknown
AMERICAN MADE,unknown
VELDLOPEN. HANNUIT (S.),unknown
AIR FORCE ONE,unknown
PARADIJS ZOEKT PERSONEEL,unknown
THE LONG CALL,unknown
VIGIL,unknown
"BOER ZKT VROUW, BLIND VERLIEFD",unknown
ALLOO EN TOT ZIENS,unknown
DE JAREN 80 VOOR TIENERS,entertainment
HUSS,unknown
BENIDORM BASTARDS,unknown
F1. WK. GP. BAHREIN (S.),unknown
ATLETIEK. WK. INDOOR BELGRADO,unknown
RESTAURANT MISVERSTAND,knowledge
DE NOTARIS,knowledge
ZIJN DAAR GEEN BEELDEN VAN?,unknown
WIELRENNEN. E3 SAXO BANK CLASSIC,unknown
SENSE AND SENSIBILITY,unknown
DE PFAFFS,unknown
LOST LUGGAGE,fiction
HET SCHELDEPELOTON - THE KINGS OF COOL,unknown
10X DE MOL,unknown
DWARS DOOR DE LAGE LANDEN,knowledge
"BLIND GEKOCHT, JAREN LATER",lifestyle
DE BACHELOR,unknown
I CAN SEE YOUR VOICE,unknown
"ISLANDS IN TIME, A WILDLIFE ODYSSEY",unknown
"SIX DAYS, SEVEN NIGHTS",unknown
GINO'S ITALIAN COASTAL ESCAPE,unknown
WIELRENNEN. RONDE VAN VLAANDEREN D.,sport
HET SCHELDEPELOTON - WW 108,unknown
HET GALA VAN DE GOUDEN K'S,entertainment
VIVA LA FETA,unknown
VREDERECHTERS,unknown
DE ZOO ACHTER DE SCHERMEN,unknown
WELKOM IN DE FAMILIE,unknown
THE EQUALIZER 2,unknown
THE COLOR PURPLE,unknown
COME DANCE WITH ME,unknown
"REIZEN WAES, WERELDSTEDEN",lifestyle
F1. WK. GP. AUSTRALIA (S.),unknown
BLIND GESPRONGEN,unknown
HAAR NAAM WAS GRACE KELLY,unknown
"CHERNOBYL, THE NEW EVIDENCE",unknown
WIELRENNEN. PARIJS-ROUBAIX D.,unknown
THE MUMMY (2017),unknown
DE DAG VAN VANDAAG,entertainment
TOMB RAIDER,unknown
"SECRETS OF THE MEDITERRANEAN, LIFE IN EXTREMES",unknown
CHARLIE'S ANGELS,unknown
VB. BK - CL.BRUGES/ANTWERPEN,sport
WIELRENNEN. LUIK-BASTENAKEN-LUIK D.,unknown
INSIDE THE VATICAN,unknown
JUNIOR OP ZOEK NAAR DE LIEFDE,knowledge
THE VOICE KIDS - KNOCKOUT,entertainment
AQUAMAN,unknown
SECRETS OF THE MEDITERRANEAN - LIFE IN BETWEEN,unknown
JOANNA LUMLEY'S BRITAIN,unknown
DE VUILSTE JOBS VAN VLAANDEREN,knowledge
LUCHTHAVEN 24/7,unknown
TRIGGER POINT,unknown
"JURASSIC WORLD, FALLEN KINGDOM",unknown
VB. BK - ANTWERPEN/ANDERLECHT,unknown
JUNIOR BAKE OFF VLAANDEREN,unknown
GIRO MAGAZINE,unknown
SULLY,unknown
EUROVISIE SONGFESTIVAL - FINALE,entertainment
SOUDAL OPEN,unknown
VB. BK - ANTWERPEN/CL.BRUGGE,sport
ALLOO BIJ... - AXEL DAESELEIRE,unknown
NONKELS,fiction
"HELDEN VAN HIER, DE MUG",unknown
BARILOCHE,unknown
LE CORNIAUD,unknown
WHITE HOUSE FARM,unknown
JOANNA LUMLEY'S HIDDEN CARIBBEAN,unknown
MOUNTAIN VETS,unknown
F1. WK. GP. SPANJE (S.),unknown
WIELRENNEN. ANTWERPEN PORT EPIC,unknown
LOST TOMBS OF THE ANCIENT MAYA,unknown
ALLOO BIJ... - KAREN DAMEN,unknown
"LUC & BART, EEN PAAR APART",unknown
BORN TO BE WILD,unknown
GINO'S ITALIAN EXPRESS,unknown
SPORT/VROUW,unknown
F1. WK. GP. MONACO (S.),unknown
WE ARE FAMILY,unknown
"DE MEILANDJES ZONDER CENTEN, CHATEAU BIJSTAND",unknown
MENEER VANNESTE,knowledge
TORPEDO,unknown
WIELRENNEN. DAUPHINE LIBERE - RIT 4 MONTBRISON>LA BATIE D'URFE,unknown
ALLOO BIJ... - BART DE WEVER,unknown
TOPMAKELAARS,unknown
DECEIT,unknown
THE JACKAL,unknown
DE TIEN OM TE ZIEN,unknown
"MARTIN CLUNES, ISLANDS OF THE PACIFIC",unknown
ZUIDFLANK,unknown
DE ERFGENAAM,unknown
DA'S DIKKE LIEFDE,unknown
DE GROOTSTE LEFGOZER,unknown
ALLOO BIJ... - AN LEMMENS,unknown
ATLETIEK. OSLO (S.),unknown
B&B ZOEKT LIEF,unknown
ALLOO BIJ... - BART KAELL,unknown
APOLLO 13,unknown
GO APE,unknown
DE BOEKATHON,unknown
SPARTACUS RUN,unknown
REPTILES RULE,unknown
HET HUIS - JACQUES VERMEIRE,knowledge
ATLETIEK. WK. EUGENE (S.),sport
MONTY DON'S ADRIATIC GARDENS,unknown
ATLETIEK. WK. EUGENE,unknown
ATLETIEK. EUGENE (S.),unknown
DARTS. WORLD MATCHPLAY,unknown
WIELRENNEN. RONDE VAN FRANKRIJK - RIT 20 LACAPELLE-MARIVAL>ROCAMADOUR,unknown
COCO,unknown
WIELRENNEN. RONDE VAN FRANKRIJK - RIT 21 PARIS LA DEFENSE ARENA>PARIS CHAM,sport
VB. BK - CL.BRUGGE/GENK,sport
WILD ORPHAN RESCUE,unknown
WIELRENNEN. RONDE VAN FRANKRIJK D. - RIT 7 SELESTAT>LE MARKSTEIN,unknown
PETER RABBIT,unknown
HET VONNIS,unknown
VB. EK. D. FIN,unknown
HET BESTE BOD,unknown
"F.C. DE KAMPIOENEN, KAMPIOEN ZIJN BLIJFT PLEZANT",unknown
DIE HUIS - CHRISTOFF DE BOLLE,unknown
GREASE,fiction
TURNEN. EK.MUNCHEN D.,unknown
ZWEMMEN. EK.MUNCHEN (S.),unknown
BAANWIELRENNEN. EK. MUNCHEN,unknown
"FBI, INTERNATIONAL",unknown
"BRITAIN'S MOST LUXURIOUS HOTELS, THE LANGHAM",unknown
BAANWIELRENNEN. EK. MUNCHEN H.,unknown
ATLETIEK. EK. MUNCHEN,unknown
WIELRENNEN. EK. MUNCHEN H.,unknown
"FC DE KAMPIOENEN 3, FOREVER",unknown
"RED PANDA, WORLD'S CUTEST ANIMAL",unknown
"HAMPTON COURT, BEHIND CLOSED DOORS",unknown
"BELGA SPORT - TIA HELLEBAUT, DE GROTE SPRONG VOORWAART",unknown
DE COLLEGA'S 2.0,unknown
DES,unknown
WILD VAN DIEREN,unknown
"FC DE KAMPIOENEN 4, VIVA BOMA",fiction
THE REPAIR SHOP,lifestyle
HOMO UNIVERSALIS,entertainment
VB. BK - ANDERLECHT/LEUVEN,unknown
HET GROTE GELDDEBAT,unknown
DE ALLERSLIMSTE MENS TER WERELD,entertainment
HET OUDSTE BEROEP,unknown
DE TAFEL VAN VIER,unknown
HET JACHTSEIZOEN,unknown
FLODDER IN AMERIKA!,unknown
1917,unknown
ANGEL HAS FALLEN,unknown
CHANTAL,fiction
F1. WK. GP. ITALIE,unknown
"JAMBERS, BACK TO THE NINETIES",unknown
DE KLIM VAN JE LEVEN,unknown
DE SCHAAL VAN PASCALE,unknown
WIELRENNEN. WK. TIJDRIT WOLLONGONG (S.),unknown
BAANTJER,fiction
NIET SCHIETEN,unknown
VB. NATIONS LEAGUE UEFA - BELGIE/NEDERLAND,sport
VELDRIJDEN. BERINGEN H.,unknown
DARTS. BELGIAN OPEN,unknown
F1. WK. GP. SINGAPORE (S.),unknown
UNCLE MARTIN,knowledge
WIELRENNEN. BINCHE-CHIMAY-BINCHE,unknown
BILLIE VS BENJAMIN,unknown
EXTREME MAKEOVER - VLAANDEREN,lifestyle
TROM,unknown
CHOCOLAT,unknown
HET GROTE ONBEKENDE,unknown
FAST & FURIOUS 7,unknown
F1. WK. GP. JAPAN (S.),unknown
DARTS. GRAND PRIX,unknown
VB. C1 UEFA SCHIFT - AT.MADRID/CL.BRUGGE,sport
3HZ,unknown
GOED GEPLANT,unknown
VB. BK - UNION ST-GILLOISE/CL.BRUGGE,sport
"KOM OP TEGEN KANKER, ALLES IN DE STRIJD",knowledge
KAREN PIRIE,unknown
VB. BK - GENK/KV.MECHELEN,unknown
THE RESPONDER,unknown
VELDRIJDEN. RUDDERVOORDE H. (S.),unknown
100 JAAR ZESDAAGSE,unknown
ONS DNA,unknown
VICTORIA & ABDUL,unknown
MAMMA MIA! HERE WE GO AGAIN,unknown
GYM. WK. LIVERPOOL,unknown
DARKEST HOUR,unknown
KOPEN ZONDER KIJKEN,unknown
VB. BK - ANDERLECHT/GENK,sport
TRUE CRIME BELGIUM,unknown
IK BEN CAMILLE,unknown
25 JAAR CANVAS,knowledge
VOOR DE AFTRAP,unknown
EVEN GOEIE VRIENDEN,unknown
D.I. RAY,unknown
YESTERDAY,unknown
BLACK SANDS,unknown
S.O.S. PIET XL,unknown
FIFA WORLD CUP QATAR 2022,sport
VB. WK. SCHIFT. - FRANKRIJK/AUSTRALIE,unknown
IN DE GLORIA,unknown
OUT OF OFFICE,unknown
"STRAFRECHTERS - BESCHULDIGDE, STA OP",unknown
VB. WK. SCHIFT. - SERVIE/ZWITSERLAND,unknown
VELDRIJDEN. BOOM D. (S.),unknown
"K3, EEN JAAR LATER",lifestyle
VELDRIJDEN. BOOM H.,unknown
CYCLO-CROSS. WC.,sport
FERRY,fiction
STRAFRECHTERS - SCHULD EN BOETE,unknown
VB. WK. 1/4F - KROATIE/BRAZILIE,sport
RATATOUILLE,unknown
SIMON REEVE'S SOUTH AMERICA,unknown
MIJN BESTE KERST OOIT,unknown
ALLES KAN BETER,unknown
FAKE NEWS & IK,unknown
IRVINE WELSH'S CRIME,unknown
TURNEN GYMGALA,unknown
VLAMMEN TEGEN KANSARMOEDE,unknown
"CIRQUE DU SOLEIL, VOLTA",unknown
BAKE OFF VLAANDEREN KERST,unknown
CRIME SCENE INVESTIGATION,unknown
KERSTBOODSCHAP VAN DE PAUS,unknown
TINY HOUSE BATTLE,unknown
VELDRIJDEN. DIEGEM,unknown
HET JAAROVERZICHT,unknown
THOSE WERE THE DAYS,unknown
KENNISMAKERS,unknown
TUSSEN 2 VUREN,unknown
"SPORTJAAR 2022, BLINKENDE BELGEN",unknown
EUROPE'S MICROSTATES,unknown
VELDRIJDEN. GULLEGEM H.,unknown
VELDRIJDEN. GULLEGEM D.,unknown
EUROSONG,entertainment
RIDLEY,unknown
GLADIATOR,unknown
HUNTERS,unknown
BEAUTY AND THE BEAST,unknown
JAN JAAP OP ZONDAG,unknown
ONZE NATUUR,unknown
VRT NWS JOURNAAL,unknown
HET VERHAAL VAN VLAANDEREN,knowledge
1985,fiction
DAGEN ZONDER BROER,knowledge
NIEUWS VTM,unknown
JAMIE'S EASY MEALS FOR EVERY DAY,unknown
VELDRIJDEN. WK. HOOGERHEIDE - BELOFTEN H.,unknown
VIEWPOINT,unknown
ATLETIEK. FLANDERS INDOOR GENT,unknown
"VERLIEFD, VERLOOFD, GETROUWD IN 24U",unknown
VB. BK - CL.BRUGGE/UNION ST-GILLOISE,sport
GOOD WILL HUNTING,unknown
THE GREATEST DANCER,entertainment
BAD BOYS FOR LIFE,unknown
"WAGNER, HET SCHADUWLEGER VAN POETIN",unknown
ASSISEN,unknown
TULPEN UIT ANTWERPEN,unknown
VB. BK - CE.BRUGGE/CL.BRUGGE,unknown
DE VERMEIRES,entertainment
LICHTPUNTJES TEGEN KANKER,knowledge
TUSSEN OORLOG EN LEVEN,unknown
911,unknown
WIELRENNEN. OMLOOP HET NIEUWSBLAD D.,unknown
BESTEMMING X,entertainment
BOER ZKT VROUW,entertainment
VELDLOPEN. BK. BRUSSEL H.,unknown
VELDLOPEN. BK. BRUSSEL D.,unknown
"DNA, DE ZAALSHOW",unknown
VB. BK - OOSTENDE/CL.BRUGGE,unknown
VERKRACHT AAN HET FRONT,unknown
ATLETIEK. EK. INDOOR ISTANBUL,unknown
THE LEGEND OF ZORRO,unknown
WAAR IS ELKE WEVERS?,knowledge
ONDER DE RADAR,unknown
RECHT NAAR DE GEVANGENIS,unknown
"PATRICK LEFEVERE, GODFATHER VAN DE KOERS",unknown
WIELRENNEN. NOKERE KOERSE H.,unknown
ALLOO SEXPLICIET,unknown
GESTRAND OP HONEYMOON ISLAND,unknown
BASKET. BB. FIN (S.),unknown
WIELRENNEN. 3-DAAGSE BRUGGE-DE PANNE D.,unknown
ARCADIA,fiction
HIDDEN,unknown
BREATHE,unknown
WIE ZOEKT DIE WINT,unknown
VB. BK - KV.MECHELEN/CL.BRUGGE,unknown
EEN JAAR OP ZEE,knowledge
REDEMPTION,unknown
FACE TO FACE,unknown
VB. BK - STANDARD/GENK,unknown
BORIS,unknown
EUROPA AND CONFERENCE LEAGUE,sport
THE GLASS CASTLE,unknown
FRONTLINIE,unknown
BECOMING ASTRID,unknown
PUTIN & THE WEST,unknown
MET DE WIND MEE,knowledge
CROSSFIRE,unknown
BASKET. BK. FIN H. (S.),unknown
WAAROM WACHTEN,unknown
"LAURENT, PRINS OP OVERSCHOT",unknown
"STUDIO GUGA, ONGEHOORD",unknown
ZONDER AFSPRAAK,unknown
VB. BK - GENK/CE.BRUGGE,unknown
SNOOKER. WORLD CHAMPIONSHIP,sport
SHALOM ALLEMAAL!,unknown
IK VERTREK,unknown
"GUY MORTIER, SCHUDDEN VOOR GEBRUIK",unknown
HOSTILES,unknown
EXTRA JOURNAAL,unknown
WIELRENNEN. GIRO,unknown
"SPECIAL FORCES, WIE DURFT WINT",knowledge
"CAMILLE, LIVE IN DE LOTTO ARENA",unknown
VB. BK - ANTWERPEN/GENK,unknown
HELDEN VAN HET INTERNET,unknown
THE REAL CROWN,unknown
"ONS HUIS, NIEUW HUIS",knowledge
WIELRENNEN. CIRCUIT DE WALLONIE,unknown
THE TOWER,unknown
MILJOENENHUIZEN,unknown
TINA,unknown
FLODDER III,unknown
ALLES VOOR DE SPELEN,unknown
VB. BK - ANTWERPEN/UNION ST-GILLOISE,unknown
LANGS DE NIEUWE ZIJDEROUTE,unknown
ATLETIEK. ROME (S.),unknown
PATIENT DOMPI,unknown
KIM CLIJSTERS COME BACK HOME,unknown
MIRAKEL N.71,unknown
VERSCHOTEN & ZOON,unknown
WIELRENNEN. DWARS DOOR HAGELAND D. (S.),unknown
CLASSIQUE GILBERT,unknown
BAGAGE,unknown
COLETTE,unknown
WIELRENNEN. BALOISE BELGIUM TOUR,unknown
INDIANA JONES AND THE TEMPLE OF DOOM,unknown
BLOODSHOT,unknown
30 JAAR FAMILIE FEEST,unknown
CALL OF THE WILD,unknown
NATURE'S NURSERIES,unknown
DE JAREN '90 VOOR DUMMIES,unknown
SABENA,unknown
8ERAF!,unknown
ROCK WERCHTER LIVE,unknown
"JOHNNY ENGLISH, STRIKES AGAIN",unknown
BOYS,unknown
"NCIS, LOS ANGELES",fiction
WIELRENNEN. RONDE VAN FRANKRIJK - RIT 3 AMOREBIETA-ETXANO>BAYONNE,unknown
HET VARKEN VAN MADONNA,unknown
DIEF!,unknown
THE BOURNE SUPREMACY,unknown
ELEPHANTS UP CLOSE,unknown
EAST NEW YORK,unknown
DE ZEVENDE HEMEL,unknown
CODE 37,unknown
ZOMERHIT 2023,entertainment
THE SECRET LIFE OF PETS 2,unknown
WIELRENNEN. RONDE VAN FRANKRIJK - RIT 21 SAINT-QUENTIN-EN-YVELINES>PARIS C,unknown
SHE GOOD FIGHTER,unknown
EARTH'S GREAT RIVERS,unknown
ERFGENAAM GEZOCHT NL,unknown
WIELRENNEN. RONDE VAN FRANKRIJK D. - MET MAARTEN EN MARIJN,unknown
DE JAREN 2000 VOOR DUMMIES,unknown
WIELRENNEN. CLASICA SAN SEBASTIAN,unknown
WIELRENNEN. RONDE VAN FRANKRIJK D. - RIT 7 LANNEMEZAN>TOURMALET BAGNERES-DE-B,unknown
HUIZENJAGERS BUITENLAND,unknown
TIEN OM TE ZIEN (2023),unknown
UNKNOWN MADAGASCAR,unknown
VB. WK. D. (S.),unknown
WIELRENNEN. WK. WEGRIT GLASGOW H.,sport
BAANWIELRENNEN. WK. GLASGOW D.,unknown
VB. BK - ANDERLECHT/ANTWERPEN,sport
ZOMERAVONDEN,knowledge
"TRUMP, THE WHITE HOUSE YEARS",unknown
KNOKKE OFF,fiction
WIELRENNEN. WK. WEGRIT GLASGOW D.,unknown
KNIVES OUT,unknown
VB. WK. 1/4F D. (S),unknown
NADIYA'S AMERICAN ADVENTURE,unknown
WIELRENNEN. TOUR OF LEUVEN,unknown
TUSSEN 4 BUREN,unknown
WALKER,unknown
HARRY POTTER AND THE SORCERER'S STONE,unknown
SPY IN THE OCEAN,unknown
PATRICK,unknown
ATLETIEK. WK. BOEDAPEST,unknown
F1. WK. GP. NEDERLAND (S.),unknown
DAAR DOEN WE HET VOOR,unknown
"ALERT, MISSING PERSONS UNIT",unknown
BITTERSWEET SIXTEEN,unknown
THE PATRIOT,unknown
ATOMIC BLONDE,unknown
BOOMER,fiction
STANLEY TUCCI SEARCHING FOR ITALY,unknown
AMAI ZEG WAUW,unknown
CELEBRITY MASTERCHEF,unknown
IK HEB HET U LETTERLIJK JUIST GEZEGD,entertainment
THE CAPTURE,unknown
"MOORDZAKEN, EEUWIGE TWIJFEL?",unknown
INTERVIEW MET DE GESCHIEDENIS,knowledge
DAT EET DAN GELUKKIG ZIJN,unknown
9/11 LIFE UNDER ATTACK,unknown
GODVERGETEN,knowledge
DE TATTOO SHOP,unknown
DE JAREN 90 VOOR TIENERS,unknown
JORDY DOET IBIZA,unknown
DE TAFEL VAN GERT,unknown
LADY TRUCKERS,unknown
"DE VERRADERS, DE RONDE TAFEL",unknown
"CAMPING COPPENS, HOME SWEDEN HOME",lifestyle
MURDER IN PROVENCE,unknown
THE BIG BANG,unknown
AUTO. RALLY BK. EAST BELGIAN (S.),unknown
EXEN,unknown
DON'T LEAVE ME,unknown
VELDRIJDEN. BERINGEN D.,unknown
HET DORP ACHTER DE MUUR,unknown
GELD GEZOCHT,knowledge
"CITIZENS AT WAR, A YEAR IN UKRAINE",unknown
DAG & NACHT,unknown
VELDRIJDEN. OVERIJSE (S.),unknown
TENNIS. EUROPEAN OPEN FIN.,unknown
"DE BUURTPOLITIE, DE KLOK TIKT",unknown
DE MAAGDENCLUB,unknown
VELDRIJDEN. MAASMECHELEN H.,unknown
VELDRIJDEN. MAASMECHELEN D.,unknown
BLACKWATER,unknown
ROUGH DIAMONDS,fiction
"MOORDZAKEN, WETSDOKTERS",unknown
"CRIMINAL MINDS, EVOLUTION",unknown
JACQUES EN URBAIN OP WERELDTOURNEE,unknown
VELDRIJDEN. SUPERPRESTIGE. MERKSPLAS H.,unknown
VELDRIJDEN. SUPERPRESTIGE. MERKSPLAS D.,unknown
VB. EK. KWALIF - BELGIE/AZERBAIJAN,sport
HET LAATSTE PORTRET,unknown
MIJN EERSTE REIS,knowledge
THE UNDECLARED WAR,unknown
DEATH ON THE NILE,unknown
VB. EK. LOTING,unknown
DE GEVAARLIJKSTE JOBS VAN VLAANDEREN,unknown
STARSTRUCK,unknown
HONOUR,unknown
HET BESTE VAN 2023,unknown
BOER COPPENS,unknown
DE FAMILIE CLAUS,unknown
DOGS IN THE WILD,unknown
STORM LARA,unknown
START GEMIST,unknown
VELDRIJDEN. BK. ANTWERPEN H.,sport
JINGLE ALL THE WAY,unknown
"REGI, LIVE IN HET SPORTPALEIS",unknown
PLANET EARTH 3,unknown
PAVAROTTI,unknown
"THE RAT PACK, CHRISTMAS EDITION",unknown
"URBANUS, DE VUILNISHELD",unknown
VELDRIJDEN. GAVERE H.,sport
VELDRIJDEN. GAVERE D.,unknown
DE FILM VAN HET JAAR,unknown
VELDRIJDEN. DIEGEM H.,sport
MICHAEL BUBLE'S CHRISTMAS IN THE CITY,unknown
"PENGUINS, MEET THE FAMILY",unknown
#LIKEME IN CONCERT 3,unknown
Q POP,unknown
RADIO 2,unknown
MILO,unknown
THE SUSPECT,unknown
ZIE ONS DOEN,unknown
"DE EXPEDITIE, GROENLAND",knowledge
VB. BK - GENT/CL.BRUGGE,unknown
"HELDEN VAN HIER, POLITIE AALST",unknown
MAESTRO DEGAND,unknown
WAT ZOU JIJ DOEN?,unknown
"NCIS, HAWAII",fiction
HOUSE OF THE DRAGON,unknown
VELDRIJDEN. HOOGERHEIDE H.,unknown
OORLOGSREPORTERS,unknown
HETERDAAD,fiction
VELDRIJDEN. WK. TABOR U23 H.,unknown
GALAPAGOS,unknown
IK VRAAG HET AAN,knowledge
VELDRIJDEN. MALDEGEM D.,unknown
REGI GAAT TROUWEN,unknown
DE DROOMFABRIEK,entertainment
"AMERICA'S ARCTIC, A REFUGE IMPERILED",unknown
THE ETRUSCAN SMILE,unknown
GEWOON BUITENGEWOON,unknown
FRANCISCO DESIR,unknown
ANGELA BLACK,unknown
NAVALNY,unknown
"ASPE, DE MIDASMOORDEN",fiction
PERFECT PARENTING,unknown
WIELRENNEN. GP. SAMYN D.,unknown
HET NIEUWE IJZEREN GORDIJN,unknown
HET ONBEKENDE,unknown
HET ECHTE LEVEN IN DE ZOO,unknown
NO TIME TO DIE,unknown
THOSE WHO KILL,unknown
DARTS. UK OPEN,unknown
GREEN BOOK,unknown
JULIET,fiction
DARTS. BLAKLADER OPEN,unknown
DE MOSTERD VAN MEUS,lifestyle
THE MISFITS,unknown
"JOHN WICK, CHAPTER 3",unknown
DE KRAAK,unknown
"MOORDZAKEN, LEVENSLANG",unknown
GROEIEN & BLOEIEN,fiction
WILD NEDERLAND,unknown
THE KING'S MAN,unknown
HET PROCES DAT NIEMAND WOU,knowledge
FAMILIES XXL,unknown
WIELRENNEN. PARIJS-ROUBAIX H.,sport
VB. JUPILER PRO LEAGUE - CLUB BRUGGE - RSC ANDERLECHT,sport
ALLES MAG WEG,unknown
STEELTOWN MURDERS,unknown
AMERICAN ASSASSIN,unknown
BOMPA BOCKIE,knowledge
DOOR DE BOMEN,knowledge
HET GROTE SONGFESTIVALFEEST,unknown
HET PERFECTE PLAATJE,unknown
REYKA,unknown
COMEDY CASINO,unknown
"ABBA, AGAINST THE ODDS",unknown
OP EEN ANDER,unknown
SING AGAIN,entertainment
CLOSE TO ME,unknown
MAXIMA,unknown
GOED GESPEELD!,unknown
NIKS TE ZIEN,unknown
RUITERS,unknown
HET CONCLAAF,information
DISOBEDIENCE,unknown
ALADDIN,unknown
EERSTE KEUS,knowledge
DE VERKIEZINGSTAFEL,unknown
DE SPOR,sport
"BOER ZKT VROUW, 20 JAAR",unknown
"JAN JAAP VAN DER WAL, SCHOON",unknown
"NCIS, SYDNEY",unknown
ATLETIEK. EK. ROME,sport
F1. WK. GP. VERENIGDE STATEN (S.),unknown
F1. WK. GP. CANADA (S.),unknown
GOUD!,unknown
WIELRENNEN. BALOISE BELGIUM TOUR - RIT 2 MERELBEKE>KNOKKE-HEIST,unknown
PECH ONDERWEG,unknown
GINO'S ITALIAN FAMILY ADVENTURE,unknown
WIELRENNEN. BALOISE BELGIUM TOUR - RIT 4 DURBUY>DURBUY,unknown
FOOTLOOSE,unknown
PLANKGAS NAAR DE SPELEN,unknown
WIELRENNEN. BALOISE BELGIUM TOUR - RIT 5 BRUSSEL>BRUSSEL,unknown
VB. EK. SCHIFT - DUITSLAND/HONGARIJE,unknown
MYSTERY ROAD,unknown
AUTO. RALLY BK. IEPER (S.),unknown
VB. EK. MAGAZINE,unknown
VB. EK. SCHIFT - NEDERLAND/OOSTENRIJK,unknown
"JAN ULLRICH, DE OPGEJAAGDE",unknown
TERUGBLIK. EK VOETBAL EN TOUR DE FRANCE,unknown
WILD CARDS,unknown
MAMMA MIA!,unknown
THE CONTRACTOR,fiction
ZOMERNACHTCONCERT UIT SCHONBRUNN,unknown
"CONCORDE, THE UNTOLD STORY",unknown
BERT EN BAVO GAAN OLYMPISCH,unknown
ANTOINETTE DANS LES CEVENNES,unknown
MARLEY & ME,unknown
CHALLAS EN DE KOST,unknown
REMARKABLE PLACES TO EAT,unknown
RED SANDRA,unknown
WIELRENNEN. RONDE VAN FRANKRIJK - RIT 15 LOUDENVIELLE>PLATEAU DE BEILLE,unknown
"HET LANDGOED VAN DE STOKSTAARTJES, OPKOMST VAN DE DYNASTIE",unknown
WIELRENNEN. RONDE VAN FRANKRIJK - RIT 20 NICE>COL DE LA COUILLOLE,unknown
CHANGELING,unknown
WIELRENNEN. RONDE VAN FRANKRIJK - RIT 21 MONACO>NICE,sport
ASTRID ET RAPHAELLE,fiction
MIDWAY,fiction
PARIS BY NIGHT,unknown
KINGDOM OF HEAVEN,unknown
TIEN OM TE ZIEN (2024),unknown
O.S. 2024 ZWEMMEN,unknown
O.S. PARIJS 2024,unknown
"BAANTJER, HET BEGIN",unknown
O.S. 2024 TURNEN H.,unknown
O.S. 2024 TURNEN D.,unknown
O.S. 2024 ZWEMMEN H.,unknown
O.S. 2024 ZWEMMEN D.,unknown
O.S. 2024 PAARDENSPORT. JUMPING H.,unknown
O.S. 2024 TAFEL TENNIS H.,unknown
O.S. 2024 BASKETBAL H.,unknown
FAST & FURIOUS 9,unknown
O.S. 2024 ATLETIEK. DECATLON H.,unknown
FAR FROM THE MADDING CROWD,unknown
O.S. 2024 HOCKEY H. - BELGIE/SPANJE,unknown
NIETS TE MELDEN,unknown
O.S. 2024 ATLETIEK,unknown
O.S. 2024 BADMINTON H.,unknown
O.S. 2024 HOCKEY D. - BELGIE/CHINA,unknown
O.S. 2024 BAANWIELRENNEN. H.,unknown
O.S. 2024 SKATEBOARDEN H.,unknown
O.S. 2024 TAEKWONDO D. - CHAARI,unknown
O.S. 2024 ATLETIEK - THIAM - VIDTS - SISK - SMET,unknown
O.S. 2024 ATLETIEK D.,unknown
O.S. 2024 BASKETBAL D.,unknown
FREE GUY,unknown
O.S. 2024 BAANWIELRENNEN. D.,unknown
O.S. 2024 VOLLEYBAL D.,unknown
TOUR DE FRANCE FEMMES MET MAARTEN EN MARIJN,unknown
THE REUNION,unknown
ELSBETH,fiction
AVA,fiction
WIELRENNEN. RONDE VAN FRANKRIJK D. - RIT 8 LE GRAND-BORNAND>ALPE D'HUEZ,unknown
SUSPECT,unknown
ZOMERHIT,entertainment
EEN DAG IN PARIJS,unknown
KOTMADAM SARAFIAN,unknown
DE GOUDVIS,knowledge
CELEBRITY KLOPJACHT,unknown
WIELRENNEN. VUELTA - RIT 21 MADRID>MADRID,unknown
AXEL IN AMERIKA,unknown
KALM WAES,knowledge
"ZILLION, THE LOST TAPES",unknown
40 JAAR REILEN & HEYLEN,unknown
WILLY'S BOOT,unknown
112 HULP IS ONDERWEG,unknown
"JANI & JAMES, DOEN-HET-ZELF",unknown
JAN LEYERS BIJ DE DUITSERS,unknown
ENQUETE BUREAU,unknown
"TE LAND, TER ZEE EN IN DE LUCHT",unknown
WIELRENNEN. EK. LIMBURG D.,unknown
"FERRY, DE SERIE",unknown
WIELRENNEN. EK. LIMBURG H.,unknown
"CONVICTION, THE CASE OF STEPHEN LAWRENCE",unknown
WIELRENNEN. WK. ZURICH H.,unknown
WIELRENNEN. WK. ZURICH D.,unknown
EUCHARISTIEVIERING,unknown
KAMP JEROOM,unknown
THE LONG SHADOW,unknown
JEANKE IN AMERIKA,unknown
WIELRENNEN. WK. GRAVEL H.,unknown
POLITIERECHTERS,unknown
BLUR,unknown
THE FLOOR,unknown
HET GROOT DEBAT,unknown
KIES24,unknown
DE PREMIER,unknown
VB. NATIONS LEAGUE UEFA - BELGIE/FRANKRIJK,unknown
STERREGEM,fiction
FANTASTIC BEASTS AND WHERE TO FIND THEM,unknown
WIJ ZIJN VAN NIENOF!,unknown
FOUND,unknown
TENNIS. EUROPEAN OPEN,unknown
DE HAVEN,unknown
"HET VATICAAN, DE STAAT VAN DE KERK",knowledge
TSUNAMI,unknown
MISSING PEOPLE,unknown
MENOPAUZIA,knowledge
VELDRIJDEN. LOKEREN D.,unknown
VELDRIJDEN. NIEL (S.),unknown
VB. NATIONS LEAGUE UEFA - BELGIE/ITALIE,unknown
WATER EN VUUR,unknown
VB. NATIONS LEAGUE UEFA - BELGIE/ISRAEL,unknown
BAANWIELRENNEN. 6-DAAGSE VAN GENT,unknown
VER VAN HUIS,unknown
DE GROTE BOODSCHAP,unknown
"HELDEN VAN HIER, DE MUG, HELI",unknown
DAG & BEDANKT,unknown
THE BEAST MUST DIE,unknown
F1. WK. GP. LAS VEGAS (S.),unknown
KNAPPE KOPPEN,unknown
HERTOGINNEDAL,unknown
STUKKEN VAN DEALERS,unknown
LEVEN IN VERLENGINGEN,unknown
THE LION KING (2019),unknown
20 JAAR HET EILAND,unknown
SINGLE BELLS,unknown
HET CONCLAAF VAN 2024,unknown
NADIYA'S ASIAN ODYSSEY,unknown
DE SLIMSTE TAFEL,entertainment
GEUBELS GAAT IN BAD,entertainment
THE GYMNASTS,unknown
THE IMPOSSIBLE,unknown
VELDRIJDEN. ZONHOVEN D.,unknown
"BLIND GETROUWD, HET VIJFDE HUWELIJK",unknown
"BDW, POLITIEK BEEST",unknown
BESTEMMING X-MAS,unknown
VELDRIJDEN. DIEGEM D.,unknown
THE MASKED SINGER IN CONCERT,unknown
BAD BOYS,unknown
OVERZICHT PARALYMPISCHE SPELEN,unknown
"ALEX AGNEW, WAKE ME UP WHEN IT'S OVER",unknown
DE RUGZAK,entertainment
VERGEET BARBARA,unknown
VELDRIJDEN. GULLEGEM (S.),unknown
"SPORTJAAR 2024, BLINKENDE BELGEN",unknown
WINWIN,unknown
VB. BB. 1/4F - CL.BRUGGE/LEUVEN,unknown
JAMES & CO,unknown
VB. JUPILER PRO LEAGUE - RSC ANDERLECHT - CLUB BRUGGE,sport
"DE EXPEDITIE, NAMIBIE",unknown
KUNNEN WE OVEREENKOMEN?,unknown
"LIEVEN SCHEIRE, AI",unknown
NIGHTSLEEPER,unknown
BASKET. BNXT LEAGUE (S.),unknown
CHATEAU MEILAND EN ROUTE,unknown
SOEUR SOURIRE,unknown
VB. C1 UEFA SCHIFT - MANCHESTER C./CL.BRUGGE,unknown
FC DE VOORZITTERS,unknown
LIFT YOU UP,unknown
VELDRIJDEN. WK. LIEVIN H. - BELOFTEN,unknown
MAN BIJT HOND,unknown
LIFE HAPPENS,unknown
KASTAARS!,entertainment
THE TATTOOIST OF AUSCHWITZ,unknown
WELKOM AAN BOORD,unknown
VOORBIJ DE SCHAAMTE,unknown
LUDWIG,unknown
GELUKKIG GESCHEIDEN,unknown
ZONDER STERREN,unknown
12 YEARS A SLAVE,unknown
DE KROKUSQUIZ,unknown
DOOD SPOOR,unknown
PROTECTION,unknown
WIELRENNEN. STRADE BIANCHE,unknown
WILDLIFE,knowledge
THE ZELENSKY STORY,unknown
WHITE OUT,unknown
WIELRENNEN. PARIJS-NICE - RIT 7 NICE>AURON,unknown
THE DAY OF THE JACKAL,unknown
"KUNG FU, HELDEN",unknown
"STEVE STEVAERT, DE SCHADUW VAN DE MACHT",unknown
MAKE UP YOUR MIND,entertainment
WIELRENNEN. CLASSIC BRUGGE-DE PANNE H.,unknown
MIJN JEUGDRECHTER,unknown
MARKTKRAMERS,unknown
NORTH SHORE,unknown
DE INZICHTEN VAN...,unknown
"JEHOVA, VAN GOD LOS",unknown
THE REAL HOUSEWIVES OF ANTWERP,unknown
A DOG'S WAY HOME,unknown
URBANUS VAN BINNEN,unknown
LONG BRIGHT RIVER,unknown
WIELRENNEN. WAALSE PIJL D.,unknown
VB. JUPILER PRO LEAGUE - R. UNION ST.-G. - CLUB BRUGGE,sport
BAR GOENS,unknown
ONTROUW,unknown
BLACK WIDOW,unknown
WONDER BOVEN WONDER,unknown
VB. JUPILER PRO LEAGUE - KRC GENK - CLUB BRUGGE,sport
GLORIA MUNDI,unknown
"EEN ECHTE JOB, VROEDVROUW AN",unknown
EUROVISION HALLO BASEL,unknown
OXEN,unknown
SKYSCRAPER,fiction
